index,p_target
3,1.3947182469103545
9,3.812370369965123
10,2.339896385266731
18,2.588007951172737
21,0.7914475088612922
30,5.28833171336617
31,3.872966591717928
37,1.8833083661331094
39,0.43511853053394345
47,1.5002084933249413
60,3.1591812677549074
62,0.524851448192592
63,3.678064726077777
64,1.422051765529259
68,1.497173089283908
75,2.8169803125725608
76,2.5597550303310177
83,0.07688316929368119
87,3.5859606128643042
92,5.033971440806767
98,2.4433835749390114
106,1.5038874112114518
107,0.8519198312809887
113,2.6674942304465823
120,3.8271498241043562
123,4.628854807433809
125,3.0189202705130063
126,5.328320014276732
128,4.468650273703107
129,2.5173632040054783
131,4.183304107433573
135,1.7888539103838776
141,4.283852137712151
147,3.122885913729454
148,1.0199424548934302
151,3.702671150892213
156,3.071333833851472
157,3.3037019941773087
174,1.05764737844483
186,0.5087653923750474
193,2.209970344162442
195,1.421607713868527
212,0.572645101310655
213,1.2627371895018222
217,2.882550444547479
223,3.6503537150604948
226,3.0859521660912037
228,4.420635354653148
230,3.9921306908270453
241,2.4694737697818048
243,3.6590356016683803
249,1.7487924139517244
281,4.004264009732409
288,0.27615320286876627
294,2.133971138690267
295,1.92077930750923
300,4.875508587242033
302,4.189260822121579
303,1.6924361113616262
308,1.1435700671527718
319,4.701383226671371
320,0.9405681176196496
324,2.770523979432485
331,2.457148681288042
343,3.1166592862077747
347,2.503830161791215
348,3.713726215506621
350,4.819011241661891
357,1.2286745645218238
358,3.669735194393355
360,4.674555890246418
366,3.092543992980273
367,2.6251649818225156
368,4.818484487752422
376,2.147361510571385
380,2.886201018524021
388,0.45008220750163036
396,4.385170031176224
398,4.427218282057089
403,4.216781543264633
410,1.4839953884152142
412,1.5783168283427522
420,2.4992390350739178
434,2.3003923220756812
440,2.856883669069087
450,3.8421333452330693
453,2.5902751764332996
464,4.615664442603659
465,4.464591935474602
466,4.880840499914659
473,2.413503010609214
476,1.7206296053093408
478,1.725356487668526
479,3.133132561237779
493,2.564698444245146
497,3.2042899888997742
503,3.6273988394140995
504,3.6910659327511484
505,2.2961624459495704
507,0.08979378320508444
513,2.865885215720427
519,2.6393167911352133
521,3.678336294712356
522,3.8806456150453603
545,2.8969601190314354
549,2.2035486140356464
551,0.7268659171091126
556,5.892533862921029
557,5.657076118073301
559,1.5846393301447497
560,2.537806214982156
566,3.6709075584010145
569,4.3226713302545905
573,2.2195023510056275
578,1.0210901953959362
579,4.973059840824631
582,4.607585566353104
596,4.059278124409957
598,1.9250089884778439
599,1.1634436587727885
602,2.6986019169362523
605,1.179260351759006
617,2.4396240381828256
619,5.207553768927704
630,2.3431220944767692
634,3.6013116132134124
643,2.4816341530831756
645,0.5859680344267062
647,4.655715142515093
649,3.3685026943013545
656,3.6149229336758557
657,4.855211472713547
658,2.7404782092881024
667,3.516164695007944
692,3.2115711205734625
693,4.23852347050288
698,0.3516211548408888
699,3.9283748371730485
700,6.19429364664574
704,2.998606059562204
707,2.966316789773415
708,4.246471109473583
709,3.152735344771947
713,0.9321479159366514
714,2.7263516386989632
716,2.585601434589858
718,3.681438754048307
722,4.379605451125609
729,5.886435857112949
731,2.6301098522117354
733,3.4576966003091942
746,2.9553781933868395
747,3.5932910676286793
748,1.6777688139927884
753,1.1771910832275454
757,1.699400958271577
763,2.7994396779936075
767,5.057021862770499
774,3.247213144379231
776,1.4004889011909565
788,0.4908641373301551
794,3.6581029614366494
799,1.6793337092939424
803,3.998765825297012
806,3.8041916065406958
807,3.441817732833237
811,4.02048064565945
816,7.082450333690906
818,3.9432138598586426
819,1.2464055667507676
831,5.102708295387545
835,4.993989810734058
837,1.777732748696871
841,1.5904768181729425
846,1.9841237770355113
856,5.302897942965201
861,4.311835664589605
862,1.6115217236932937
863,2.811387454469107
865,3.7207385017629497
871,2.5272577451309983
879,1.2799489330524414
880,2.544226426447398
881,3.793232825025539
885,3.558742839862641
887,2.8170111025845217
892,1.3126972401011856
898,3.6964946572571815
900,0.9381186778068005
904,1.5106459021074012
906,4.859401892858126
910,4.025772309084008
912,4.289141915190674
913,2.54350921757816
919,4.749947540162978
924,1.7760819990984071
925,2.9632539486863396
930,3.101845545283972
940,1.8152681190256832
941,3.4184526380223264
946,0.3750981941423931
949,4.833135277026814
951,1.8773583574473882
962,3.9357906623909944
966,2.348730562015245
967,4.770086767799251
971,1.1787203762734964
981,3.445131518865404
982,2.6767319713067304
983,1.5800989084617052
984,2.0745175539026803
989,1.8996448812213103
990,4.463886258003343
992,2.9087727915761454
995,5.15618705012518
996,1.3028047768654665
998,1.0153048809827185
1001,4.171515547572659
1007,1.3118564713620091
1008,2.3441104661552306
1016,2.4357177492297963
1022,2.639077690154587
1027,5.028372584211576
1032,1.5816631941935977
1033,3.9870229185274684
1041,4.545784817035982
1065,1.7750126671434012
1074,1.672826690991244
1075,0.46985440336006906
1081,1.9120027847106509
1094,4.258577145523497
1099,2.78231435860241
1105,2.6194110344285697
1123,1.9872693260985792
1135,1.5635968615201257
1142,2.413677549901023
1155,2.248804703072824
1169,2.633869917074891
1176,3.010994141738625
1178,3.793100942263899
1180,3.6175301205793104
1184,0.12852228507077312
1185,1.445963990606603
1193,0.770566990715717
1196,1.1294790650674968
1199,1.4106301170048337
1203,2.1687512616599602
1205,2.4107001760775293
1207,2.2243651920317524
1208,2.058846176325013
1212,0.4662885263198677
1213,1.417034997423489
1222,1.4543519393467994
1223,1.6206125850784459
1226,4.240388417080291
1227,5.689510177832573
1229,1.7719430428517393
1230,4.371072769144874
1231,2.8630859771002872
1241,1.133421466461222
1243,3.8039087796297366
1244,4.921150646122917
1246,4.139498588127867
1248,2.5709719688484896
1249,3.588482143783692
1252,3.7914677102729435
1261,3.267342321370597
1275,3.472479492708177
1281,1.7950180474767132
1285,4.154997882161743
1288,1.9470403949176045
1290,3.886277441986235
1291,1.156197772621696
1304,4.393645635487774
1305,3.068827343760821
1323,4.296792751672147
1342,1.3418902323823403
1348,2.6254895705068733
1353,3.8007628496289323
1363,3.0564418285302506
1371,3.8071384397145778
1372,1.2496234562062132
1378,0.9885367270072561
1381,4.393454473909517
1382,4.330045806483884
1393,4.160169720576189
1394,5.09213758216184
1398,5.886336825637711
1404,3.3024710671753676
1405,3.5967663158484813
1419,1.5344163130653847
1421,2.612250108208112
1426,1.5784473184450996
1431,1.7367054008770775
1435,2.4397454080525267
1437,1.232819259652078
1438,1.872845755400402
1442,0.8378395197594407
1464,1.5517838641052895
1471,2.9085325788819354
1473,4.585991961040191
1476,2.9119612599890417
1478,2.1976502562968596
1479,4.146401849031727
1487,5.295537125214171
1492,4.478706851580727
1496,2.5857019169431856
1497,1.0401630334337302
1515,2.870168715884778
1519,1.9355758620302008
1522,2.9188345111432565
1526,3.2683711442580115
1537,2.8093056858240497
1538,4.050096759785863
1540,1.9549426856691885
1543,3.7679351646456913
1548,1.4629933955798762
1549,1.646068266262038
1556,3.0278627996085663
1564,1.8484347426082413
1570,3.527844632220634
1577,1.9388793172516012
1585,4.024385894694462
1590,4.662491598188896
1592,1.5808570436070422
1594,1.5376525251074722
1596,6.303526835557297
1598,4.9607059551263175
1603,1.5607345067849143
1607,1.2303353787024844
1612,5.548469304301655
1627,4.396111538496421
1629,3.2091309696023447
1630,3.0492797088069015
1640,5.3905089195808635
1641,4.113434348905103
1646,3.6756430947458263
1662,1.0248001547518206
1668,1.0841997341320835
1671,0.09515096112194882
1672,4.420475847879107
1673,5.52607294064779
1686,3.8011276063777903
1688,4.102171691456216
1696,3.6175896193498702
1701,4.990489683125376
1707,4.070954858416564
1708,3.1252128512823987
1713,3.7485548969533364
1715,3.516889541215093
1717,3.144160694165239
1721,2.7564109013513507
1724,2.8471986233519155
1725,2.7979331157768046
1730,4.005772773087781
1731,3.9249430469336555
1734,2.7450120629806216
1740,3.2963378039770466
1748,2.92051816385309
1749,4.257156786153182
1750,5.5418531280005165
1763,3.1299913421319303
1768,4.216859067004083
1773,2.2730270652357194
1777,1.741531554704082
1778,0.10888140913820897
1780,3.1091582306661727
1782,0.594657962017447
1784,4.822531467738834
1786,3.7893695934611453
1787,4.337081889770107
1792,0.7286040575407443
1800,2.6433758165405528
1801,2.8379736726834364
1803,2.605486693077814
1804,3.2431434571787254
1807,2.695139115720683
1818,5.9140049907061885
1821,3.0480601180308606
1822,4.065353838986937
1828,2.686779777626718
1833,3.8600723720129855
1844,4.1840556587561295
1847,3.034218839444977
1850,2.272823034599083
1854,3.8517991451764098
1858,4.839286675987043
1864,3.624962405786056
1867,1.1036540720907193
1876,2.9799611104026273
1880,1.5086520600564572
1881,1.6091430195709362
1891,2.845129640699204
1894,3.026393276528502
1895,4.053404847770587
1901,1.4359036429308103
1905,4.387745516874619
1912,5.516826568817639
1918,2.836239821293172
1921,3.464529105587721
1923,2.9697995999904134
1924,1.448257150714436
1931,2.153782079489564
1941,4.09601368075778
1950,1.7014910364490068
1951,3.931884563754045
1954,4.478637043811999
1961,3.733124255907529
1966,3.780839638858296
1979,3.8438400061592346
1982,0.7222812660879497
1987,2.7827967448163937
1997,2.552755657132429
2004,4.067125319797429
2011,4.784905457231088
2015,2.775625134285083
2025,6.162864069086644
2033,1.1340902541819684
2034,4.777393571486935
2035,1.768366099032381
2036,1.722646526618738
2053,2.8101038986821107
2059,3.4987688685909766
2060,1.9747775340450198
2073,2.9985054589356883
2084,2.8840353007525357
2089,3.27563476075303
2092,1.7220615832668624
2109,5.043102081953437
2129,4.840482769760368
2134,5.653841131322272
2135,4.925832571703884
2148,3.3822498496030264
2149,1.3180961451412432
2150,2.2862651351819805
2165,2.8682577532773053
2166,2.997355604014698
2168,4.7330682271706905
2170,0.5431482336716981
2171,2.4096984497721206
2172,2.9496067595281166
2176,4.886459019909519
2182,2.932877083652277
2189,2.125655111186424
2191,4.889049794282566
2197,2.9846781710093824
2202,0.9805697756714455
2203,3.384132919863561
2204,0.6818546000082464
2206,4.6064421524383485
2218,1.4712876187198667
2219,3.638743394658153
2221,1.291764430603416
2226,1.5805647845740316
2228,2.884709709353005
2232,3.716394479387918
2236,0.5602180404020591
2241,2.214824253633437
2245,5.165041575417585
2251,3.4392057411429278
2255,4.85813994571796
2256,3.815501912620781
2259,1.802409501305831
2263,3.6344910818369645
2264,3.65417192679874
2267,1.473364072913095
2273,1.6032015965520547
2277,4.434150247871746
2287,3.707648641582389
2289,2.942387717882953
2291,1.1715245141271673
2296,1.9577942459636557
2299,2.098084030793186
2306,2.9649062916654954
2314,0.6074202571243227
2317,2.5925053610897204
2318,4.145441680070606
2321,4.244037579639814
2324,4.647266667944844
2340,3.001111259645191
2343,2.769213527618461
2349,0.9145579960756279
2352,5.0654953771340505
2353,1.2991360566763768
2365,1.2670799969223512
2370,1.6492482784105893
2378,3.010964107528349
2390,0.7498924738955918
2399,1.5931705158601195
2402,1.6098721586487175
2403,1.4195280811005297
2404,2.0348587652834067
2414,5.014806885626198
2422,3.65641693803147
2424,1.0826754599414683
2430,3.7044890135913557
2435,2.8027157725589835
2439,1.7513892641747169
2442,4.692565840727213
2445,3.746890658949615
2449,1.454601419881996
2451,1.4303853670445679
2461,2.8785676156620688
2464,3.760341348699366
2465,3.897472416087402
2472,2.7246441227325144
2476,2.331248139207078
2482,3.1220284005717196
2487,4.7226163252556095
2498,4.499555645046482
2501,3.79430842639235
2504,3.102873170897428
2511,0.11118811338858052
2518,4.856114494194288
2521,5.3248165598217865
2530,3.046177088537725
2543,4.547088888510968
2545,4.242808938917202
2561,3.8225995400475625
2566,3.3712230887674792
2572,2.6760967234973574
2577,3.4495907185829076
2578,2.0609200372075724
2580,2.621970303675314
2581,4.158029104669004
2582,4.191827746381026
2584,3.0911003457437394
2590,4.308144377263464
2598,2.6865643050559935
2602,1.1262353229136783
2605,4.915260494274496
2616,4.006273079426897
2618,3.448459197372572
2619,1.360287508475601
2624,4.930717184781384
2632,1.9606979192170295
2640,3.468138748553427
2646,4.368731874467383
2651,1.0702292051551585
2660,1.3353082164101282
2661,3.526377697253086
2668,0.9332866977321301
2670,1.1754469095335347
2680,2.6013365739754315
2681,3.0618158327894607
2689,1.5576724687777221
2694,4.965960713429249
2695,1.5067712151046984
2696,2.813921289340132
2702,2.667458665815921
2704,3.505538137476581
2708,5.162778910022435
2709,2.47357025145646
2714,4.339197930681357
2716,3.9886646765162403
2723,1.0431633199083925
2725,2.961851612054899
2738,0.08639299987812364
2750,3.6759954123058742
2756,1.7849741542296906
2758,4.721300099697092
2766,2.7929098087319413
2767,0.2020106362693376
2771,2.6279085142848873
2775,3.578478310055731
2776,2.8290868003705256
2779,1.6254024922833477
2780,2.9979906089802855
2781,1.3380516952788812
2782,4.619740185938908
2783,3.7581133211437736
2796,3.6747566559933675
2798,4.260929186019726
2800,2.8183392652806862
2803,6.255737362238323
2806,5.246864427798773
2813,2.9974885840426375
2818,1.144777373081375
2821,4.772961963112063
2825,4.290480171491452
2829,1.8333114191028264
2830,3.1765772144967457
2833,4.1067617296328764
2839,0.9978526016148951
2843,4.632235797315154
2846,4.202937016963289
2847,3.3410838189947194
2848,5.657254419910064
2856,3.16847686218137
2863,1.364959036645121
2867,4.88156448179576
2869,3.513248491608413
2873,4.634010349413082
2874,3.855966910456989
2875,3.1863961020943203
2880,1.6660270675155637
2886,3.421603787083453
2887,3.7260426571262473
2888,3.1496393663341564
2889,2.3457559787596725
2890,1.1724258749865935
2892,1.8045064160550255
2901,3.2977402620260228
2902,1.4281489766126656
2905,1.9649579576744514
2917,1.3984563718818754
2922,2.9189129369114357
2924,3.2191560612500925
2930,1.5806132284599124
2931,5.369707162659761
2946,1.1165433593520049
2955,3.811809576515196
2962,2.831219655594127
2964,0.8214216860593008
2965,0.8430625659628543
2967,4.685628377504637
2970,5.195852595098527
2973,5.8907388090534285
2974,1.746497429779561
2976,1.7242306744661648
2977,1.7019186375781852
2978,0.693176229212077
2986,4.449138274550283
2988,4.965586125838453
2989,1.8170399890650166
2995,3.5649404051922744
3005,4.864793533518909
3011,4.884021142039885
3013,3.2308921289743644
3019,3.8371898260803383
3021,2.2231455937772866
3022,4.830396349658279
3029,1.0260369404189327
3037,3.55123969161872
3042,2.2067936124996232
3043,4.255816813221176
3049,4.0822110390897235
3050,5.371652579626531
3053,0.9874826907684378
3058,1.5301249732562052
3062,1.6955319342680235
3063,4.190373049073528
3065,1.9603332796561082
3080,2.3841114142647886
3088,1.557893926643887
3093,1.2983875713064312
3096,5.253748574389672
3101,5.3057975999372475
3103,1.1436642342608505
3107,5.650984739340487
3109,4.316853256610821
3111,5.405102692751134
3113,4.7893909282385945
3116,5.168237606519605
3132,2.772581476102426
3141,5.121506730134705
3153,1.5161243992649356
3154,1.6617660743885596
3160,1.6627442552783573
3167,1.5975194696487889
3170,2.9790916708678497
3173,2.830395534531803
3174,3.5302068152284924
3177,5.208329150638666
3179,4.1133791097625
3184,0.7058397897217491
3190,2.7554214071900587
3193,4.2230359247359806
3199,3.7976583520884444
3201,0.6155508637304307
3202,2.63843951818046
3203,2.8665149498516795
3206,3.0443172913515912
3209,2.8518722782940498
3210,2.1360155569853743
3217,4.456208725818681
3220,4.429881534238811
3228,2.4667059656628054
3232,2.9827444513906474
3239,1.0588966660726202
3243,3.6326303713759516
3245,3.0162501664657677
3246,4.2726356989160745
3251,4.698556353070565
3253,4.559398262876797
3257,3.8086482527389647
3260,1.0734878505388898
3261,3.5083864832596205
3263,5.0661665322393254
3278,3.7141730579697896
3281,2.8441070719352353
3283,5.186828419734749
3290,2.207802878721085
3297,3.709302724699898
3304,3.8404941377741246
3305,2.877863296216852
3307,4.622396956076285
3308,2.7655458451863058
3313,2.8723050977207913
3314,2.7195046832939997
3317,1.3844125996182037
3348,0.16889540783909263
3350,2.3628130793290474
3359,3.912458178096769
3367,3.8595509687755993
3376,3.041445520299577
3378,3.2180842990931904
3384,1.2996564432454412
3386,2.718221996919793
3387,4.046045374179396
3388,3.1456323564290876
3390,4.471399978771719
3391,1.1928970077272825
3396,0.6372900853545622
3398,3.877711850270648
3404,4.698392480823169
3406,2.212116434281906
3407,2.9670892357843623
3414,4.6333899868181785
3419,2.9353839690247527
3423,2.402601687488455
3427,3.104202217032128
3432,0.4101287124898227
3434,2.7408778308728152
3438,0.5694534724771196
3442,0.29763032699901454
3443,1.5256165320734163
3448,0.6825000589771135
3456,2.8487966713429964
3464,5.390071118641842
3470,1.5992674028859164
3475,3.7205209107240704
3477,3.7258069209452183
3490,2.784624411164746
3493,3.696397390551865
3502,2.854013167962444
3508,4.205944933403193
3516,1.7049739145076723
3517,5.034906044467683
3525,3.0821339217919212
3532,3.4958254425802786
3535,3.7418669371608626
3536,4.569875575108195
3540,3.085894274203376
3547,2.864603153607686
3550,3.852467094736634
3557,2.202604716201321
3562,1.1228353519065308
3563,2.7388725130452047
3564,1.6902852634034953
3570,3.035950646353144
3573,2.9877523921212137
3577,2.9760272265049514
3579,3.1816966088904
3581,0.8693022004337714
3587,3.791042865600422
3602,3.9080919017075977
3609,3.7238618514807893
3612,3.7169642142982493
3621,3.0059376680442704
3642,1.790907914835658
3647,1.3974368758523403
3649,2.8766735449312666
3654,2.3234793843414576
3660,4.6601229891677045
3665,4.271509036055657
3669,3.6614807284748836
3673,3.831517464785189
3675,1.735986888798866
3678,4.087257653718999
3680,3.105465730115326
3686,5.428306629471959
3693,4.615437102136456
3710,2.715964486264347
3713,4.650676825136602
3718,4.874600306933445
3725,3.1752824685882377
3726,3.114484711803382
3747,2.488023598542992
3753,1.222222458815667
3754,4.949273468881654
3760,4.306836195827606
3763,2.512223162800775
3765,4.2341508871847395
3769,4.737491709113994
3771,3.6831736438024825
3784,2.3385009206785448
3787,4.213015605056645
3794,1.4258629831087166
3796,3.671974144430659
3798,4.292482442263684
3809,3.8854858923906646
3812,4.86153686121192
3819,1.5699987572165675
3828,3.9826727656049443
3831,5.010795202992284
3833,3.1871359223024465
3837,5.084634988774425
3839,0.358243325075403
3843,1.1337620320495192
3846,4.007106830168896
3854,4.954913292700558
3861,1.1207191857158967
3864,3.606182407094947
3868,2.900223963463836
3869,4.740055140955615
3870,2.8679909902830176
3883,2.6117902614403454
3886,2.9799385651793284
3889,3.655000540524722
3894,0.9825471679977104
3907,2.5290739142457306
3910,3.6282601699149986
3913,1.6276700835443867
3914,2.767721216886566
3921,4.895881174043063
3923,1.4514393164977335
3929,2.30484355138865
3931,1.1486485462516873
3932,4.6408791670784435
3937,0.7787793003814224
3943,2.6617180907526774
3956,4.58119732085334
3957,2.9828914126625543
3961,5.236476400731802
3971,2.936654671294034
4004,1.0246410998496986
4005,2.8635585608279035
4006,4.469196445294749
4011,2.8426258428736544
4013,4.834128207773104
4014,5.5179698496522125
4016,0.2737466881351911
4017,4.957740592992658
4020,2.869380290991952
4022,4.135796704664913
4026,0.3653274313018652
4032,1.397436876453287
4043,2.4300639351196605
4045,3.3371538103765443
4048,4.886489647274171
4051,4.721274545772386
4052,3.8556349753633943
4056,2.7484070193612675
4059,1.5689315990581507
4069,4.8720824377001595
4074,3.937803492014849
4076,2.8259318391463357
4077,1.2825049637162684
4079,1.2245598165831644
4081,3.6690570050725375
4088,1.8457941322993945
4105,3.3124574575929606
4125,3.682092959060392
4134,2.908244575378794
4139,2.28884121390412
4146,2.6094083582790097
4149,4.257125613268157
4151,0.15576707370373463
4155,3.129692743095628
4157,2.5500900920920073
4168,4.950715282674134
4170,2.544993735606716
4174,2.1813560125982
4179,5.145083842516956
4185,4.032916665615401
4199,0.9284882573224971
4205,1.483251076044652
4208,3.2927266374584723
4211,2.0336637921128733
4212,0.7545024801070299
4215,3.131281318551497
4217,2.91788080547174
4219,1.917581734841391
4226,4.1528086216875355
4227,3.016312628616665
4229,1.8164324333373352
4231,1.671493761720888
4233,1.6587545912582085
4237,2.7730986582210733
4243,4.528007589354274
4248,4.3232825573430675
4255,5.32579071368162
4262,2.6321223929158806
4266,1.4783063550340136
4268,1.2994780830788377
4270,2.4148787572667385
4273,1.705341784475984
4276,4.625926342663961
4277,3.7580490308060583
4279,2.3379049632471864
4299,3.637983372747106
4313,1.4161491221660851
4322,4.000541042864112
4324,1.1830804498649403
4328,2.820552530737563
4331,2.7482526164881245
4335,1.9032622280769533
4337,3.696524707281377
4338,1.5474453756432522
4343,1.2885096440431396
4347,2.041348387831861
4355,3.7907497886292014
4357,2.471352111668776
4359,5.548769410262839
4362,1.5937180692579234
4368,2.6584283001097777
4374,5.3714667845085575
4375,4.983478656852646
4378,3.594036422242652
4381,1.8346624302288448
4387,4.427779469429214
4400,2.4784319431518003
4423,4.263342503204757
4424,3.0804667043963057
4428,4.109399389422379
4433,5.771061213071627
4436,1.0948523054987038
4437,1.3355354577325222
4439,5.531130762214924
4449,3.7798997754974275
4456,3.9392537885213454
4463,5.12087389366618
4467,2.6367288747675657
4468,1.1051272446961693
4469,2.7606256172236394
4472,3.9142407483410477
4473,4.2326705552290695
4476,2.984717180914714
4500,2.470783582563346
4509,4.065416725891839
4513,2.335883959679758
4521,1.5060617248867512
4527,2.5906463867564247
4530,2.0540516726828257
4532,3.205227644466177
4533,2.8507197251557996
4535,2.683955900587961
4536,4.761661862266845
4542,3.812420798573539
4551,2.435707423450182
4554,3.821597098184878
4555,1.8894482662016676
4564,1.318664660724704
4572,2.0812713684691553
4573,6.207081031672282
4577,1.421816474397777
4579,4.9796125218600835
4583,3.5442823806780375
4584,5.448107532965424
4596,2.9142596682617503
4599,3.6253449588414743
4607,3.816805227074253
4609,0.14990502771574
4610,1.9202984050743634
4616,1.812727377650636
4617,2.9179591875562023
4633,4.529364943993886
4638,3.626774206281382
4641,3.0449186837398323
4653,6.255318360205997
4655,4.073560547610278
4659,1.0895131052216576
4669,1.3672356054932857
4678,1.0027435079580407
4685,4.262867084534262
4686,3.7391250551188357
4691,1.614184854975036
4695,4.5504382953714115
4698,3.906685742856741
4700,5.120531198983376
4711,2.7710386075763576
4722,4.212851495335638
4727,3.335344542592601
4756,5.737783265944427
4762,1.3947011556558144
4763,2.8506295015226106
4766,4.437489735331621
4770,0.8455560118241159
4784,3.470173659288672
4791,2.924170644412767
4795,4.643245875775081
4799,1.699620922884633
4802,3.9160066930250004
4805,3.8912295122344815
4814,4.729593515571223
4816,0.664960234815826
4817,3.6729556843939335
4822,2.7885972063729456
4827,2.4204559072596936
4833,4.326457080884001
4836,1.2929671613426732
4842,2.964697825565108
4844,3.135188803379945
4845,2.593488289574693
4849,4.277036248196298
4850,1.6186843589116797
4860,4.255887436088612
4863,2.2167802507321763
4871,3.680104789436549
4878,3.5542941102986316
4881,2.993283373325095
4888,3.1522456431594352
4900,5.861055534170812
4906,3.1519181764263173
4909,1.3062970785974233
4916,4.209981101089336
4918,5.011646714754827
4926,2.968293534856245
4928,2.303523149755569
4941,2.7300557713961466
4946,4.634502489503607
4949,1.3343802780719596
4956,2.85643045317603
4966,4.22032220088583
4969,2.6160054351855795
4973,3.7413950487706913
4978,5.006189945477449
4982,3.3876740017144096
4985,4.524774022753575
4991,3.078828813802966
4998,3.756075885945009
5000,2.347551586380266
5004,3.322367387452358
5005,2.6544058312491297
5011,4.426513591750708
5016,0.2014586561407451
5018,3.199658721689564
5034,3.9427277923549404
5038,1.6831604167242553
5042,5.678684260471401
5046,3.0804049841784065
5051,0.46955775957964263
5054,1.593561549330268
5057,3.8618213942103385
5062,3.6941546663513396
5063,4.532167874201513
5065,2.9610482364355524
5066,2.0488347597753824
5076,2.7127542437554046
5089,2.898503030426737
5092,2.1140224070317015
5093,4.28822476059425
5094,4.003776407360862
5098,3.786793816301548
5102,2.8121530995157866
5112,4.93580654256545
5117,2.6581846560199183
5127,3.459823740893391
5130,2.6124356619725746
5131,2.0116321709469176
5132,3.681279907152161
5135,1.5424143341655336
5136,2.733761476014279
5147,4.477209923130507
5157,3.8274770206434683
5160,2.2390083821207956
5165,0.9892855069786065
5166,1.6771216022090152
5172,2.390792096708033
5173,2.3731175701210616
5179,0.8337093532683275
5184,5.029660920171013
5187,2.2751418503447933
5191,2.857447281536788
5193,1.561115674152686
5194,1.708525252261065
5199,2.566215278798307
5212,1.4839638983465957
5213,2.618975886001534
5224,3.8715800651705257
5226,3.5717936713824536
5239,5.133727203129618
5252,4.564487198590451
5264,0.6798846338991302
5266,1.8870283856195382
5271,4.810193634156076
5273,3.8607234347340857
5276,2.545685955371178
5278,4.1057214175590495
5281,2.413705279799325
5283,4.028215209824113
5291,0.7230807305565494
5294,5.896149607540259
5296,3.8988640414836784
5297,0.7347713802799851
5313,3.6641922349998097
5314,2.5276342306704382
5321,2.6379773040112764
5325,3.158083821245242
5326,1.4902135470453475
5328,3.845951187659295
5334,2.8852759357766407
5338,4.546246832725627
5344,1.5490567764811727
5348,1.4501501329640705
5352,1.499199001628052
5353,3.8378836627705417
5354,0.9797606557546409
5361,0.5154221200932638
5364,2.8296326651195955
5365,3.9171021541692816
5367,1.2037269898065486
5379,4.7916037888405985
5382,2.823334724588279
5386,5.060366851056137
5395,3.945488104360613
5410,4.352614393761188
5411,3.236402079878234
5416,4.903748481652646
5424,3.5692171952810927
5426,2.977643014388005
5428,1.0865725854264017
5430,4.800263898403695
5433,1.9058477405584513
5437,2.9025456989966445
5440,3.577070920398163
5442,4.783526458715068
5445,3.031955539207944
5449,3.580201824766044
5452,4.067466262791571
5460,0.9545308927285278
5461,2.5266274245775087
5465,1.425445033837994
5467,4.138477468136425
5471,4.5223187549963875
5474,1.6838491528836128
5475,2.8102846554068894
5480,1.6008564496912285
5481,3.6615955428156703
5484,1.0845723145419661
5494,4.7664866417985206
5495,1.5868231882742312
5497,1.635086902370098
5499,2.879810535880426
5507,1.3067812162208512
5510,3.281563419202867
5515,1.666226139193268
5516,2.162513483339968
5517,1.5534717764328347
5524,3.9220703924783398
5530,5.739660025514616
5534,2.701315508350809
5543,1.235213061060087
5545,3.1926677875143494
5558,3.560313510346124
5562,1.934947129786133
5573,5.935165644435093
5581,4.019021909141438
5583,5.02226619208204
5587,3.5257850451749984
5589,2.1658693333662686
5591,5.100458589285502
5596,3.011328029238704
5606,3.9127277839469357
5608,4.289198209090595
5611,3.1074444230074123
5612,4.573960258704689
5614,4.365375349537852
5620,3.838295945107698
5623,5.1689962600530075
5624,2.3938845184333375
5626,5.917094170744386
5633,1.4777695257163028
5635,2.763690975409047
5640,4.722557776193207
5643,3.0156452290415037
5644,5.479070458892559
5653,5.357490083580487
5663,4.058394752913996
5664,4.853764652246293
5667,2.320499863117073
5671,1.256126956665492
5673,3.7461738597758183
5676,2.463626879813926
5678,1.2005341821648414
5698,2.303138474555172
5700,5.545927461532459
5705,3.84929965633292
5706,4.834383029098214
5711,2.3736828772941374
5712,4.9825080888531605
5716,2.6717414622409663
5719,2.8850987979448215
5725,2.4832301964825025
5728,6.024946695470531
5734,0.40370235905220203
5735,4.145285295845917
5743,2.3000293415872446
5754,1.1293356547138091
5755,2.704876675429361
5756,4.589296955886978
5766,3.1393387463480633
5770,3.535260999502506
5774,0.21851893105167952
5775,2.4231678274744612
5776,3.983899123035142
5778,5.557002713736501
5786,2.8572784763164867
5787,3.531033869936554
5791,4.717814928488061
5794,2.9325979394473203
5803,3.03514268345433
5804,3.166259622139789
5808,0.722469642969161
5810,3.9145714904263595
5813,3.7240334317980954
5828,3.074502927680552
5839,5.243249644816009
5842,4.145953422867167
5843,2.2315816722268518
5844,3.941034668956822
5847,2.8830377216238703
5851,2.307260365181032
5854,3.405646210532201
5857,1.0718364250884573
5866,1.052122445571658
5874,1.5373440183574836
5886,3.5156055962902624
5895,1.5322627490269587
5897,2.4074922511423664
5898,2.6907248806859356
5900,1.3337515256556605
5902,1.1039884093014307
5908,0.8261714186184161
5909,2.7197655776214376
5912,5.625762452438588
5913,1.2242420814262096
5917,4.70761356284057
5918,2.821530600306937
5921,3.6715734665476845
5931,1.575959987146501
5942,3.98819602138299
5943,3.0148947846294343
5950,3.853913696397213
5954,0.14925090462810234
5983,2.7761006775559673
5995,2.9625421580973965
6002,2.4373673463352685
6005,3.689376389382117
6009,5.918180598352277
6011,2.3395853904826263
6012,4.467082067637053
6019,1.7112921576722704
6021,2.8225889624927447
6029,4.804201864042353
6036,4.206451102301953
6037,2.8915197448018164
6038,0.9356956373788995
6043,1.7416495804195764
6045,4.037997642767598
6047,1.470541806096137
6048,3.0741071065060543
6061,3.87005928087526
6063,2.9121756694652006
6064,4.9428783741938815
6068,4.48801240485647
6069,0.7567351094063508
6070,3.6919336530587574
6071,5.056366871059817
6074,4.18214082181302
6079,3.732357711512467
6082,3.0707032196394106
6088,4.1179492476209525
6094,2.7797797446219947
6095,1.1665635486620938
6098,3.0639605126424527
6102,3.735012658237952
6105,1.2448638778658498
6113,4.951822037588152
6116,2.895009518579129
6120,1.7179011475186754
6121,2.489190819158965
6126,2.606374073478684
6144,3.8722879559339702
6145,4.441606847125872
6153,2.274455436297435
6156,3.7356870925334116
6159,4.258846443229911
6162,1.0103239319485138
6184,2.373407693185232
6188,3.1948977220588746
6189,2.7930590618794526
6191,2.126667045502627
6211,1.321271287687116
6216,3.6501588160843412
6218,1.3956656603835313
6222,1.369218028701149
6235,2.804003680060583
6245,1.5174431390906307
6248,3.6550117861048776
6253,3.5328558662494234
6256,0.49737437233952897
6257,4.519454078854844
6259,0.8263617568522605
6266,4.67339300340002
6268,3.730396422900994
6275,1.0901638525233235
6280,3.110938703882792
6283,2.1136553201000186
6288,4.869554703872001
6289,2.4920971191968078
6301,4.500697810615148
6308,4.2197638109166125
6314,3.772285468411217
6315,0.3477594401159301
6316,3.7200133022624535
6317,2.8089935988249937
6318,3.0442480173651
6323,3.3829820883465342
6329,3.6707003004936003
6336,1.0682317109443786
6341,4.473100916488507
6348,3.4060376252069156
6349,4.491940728551928
6365,1.7867427301814087
6372,3.681588829050409
6376,2.765211758975594
6378,0.24914192316691905
6379,4.544529337233261
6382,1.0381741153197437
6383,2.988948113712652
6389,4.711522265561143
6390,1.7774407831852037
6392,4.4708098205235265
6394,1.1907907069875128
6402,1.381936570297859
6404,2.710018802344567
6405,2.3823115632572303
6406,1.0451837468983596
6409,4.515307177651117
6410,4.770540186087996
6411,3.91954592652887
6421,4.766135745432906
6428,5.708433345704213
6429,2.316296973480908
6432,4.493452939651337
6436,0.9538404452095323
6437,3.912951971382266
6438,0.7203180004267958
6445,3.0241021347343215
6447,4.331656863793679
6450,4.434027086097641
6462,4.437103694198845
6467,3.7377059316991956
6478,3.85464244765
6484,4.57181892773541
6492,4.231608835271878
6497,5.848853260323358
6504,2.7547974716810257
6505,1.4656294816611894
6513,2.8229664283070295
6525,4.857883382492431
6526,4.637785016988473
6528,2.7203255317796162
6540,1.6854178007920688
6542,0.997762872709397
6544,4.935178849193494
6548,3.8511899431788557
6552,2.830672326133891
6558,3.8156432398033306
6567,2.377799011640266
6569,4.533475198795198
6572,5.47699995566378
6577,5.915669008082226
6581,3.0451835497483515
6588,2.7670383572318555
6591,1.6889267170186713
6594,2.3207098757149165
6600,5.027886177957112
6602,2.9259932715121946
6604,3.023414016130598
6605,3.6650418451447218
6614,2.287231076266686
6616,1.2523571961186526
6621,2.037703934097396
6640,4.460878998670935
6641,2.682260915925353
6643,2.172049961437363
6644,1.2127288703843269
6649,1.889083578781521
6650,3.731357448814056
6655,5.25443321067573
6661,1.4903560464326988
6672,4.833459630443876
6677,1.508308651025239
6688,2.171201580473851
6689,5.055135529599327
6691,2.6909069026081505
6692,4.846277315923076
6694,3.8777194256225394
6702,2.463786618589804
6714,1.1407654383014878
6716,5.183116886384284
6724,3.6026584959982646
6725,1.5051230907472068
6730,3.6813752075106314
6735,3.1156023048471235
6738,2.8943112536100233
6739,2.9153974117750843
6743,3.688967889922341
6747,2.9287212545255645
6750,5.9998048576944205
6751,3.1288194512171628
6753,4.021122793488132
6754,3.199460861711364
6755,1.6258705198987287
6762,3.6640816207347298
6764,3.5951496026618868
6772,1.589633422466022
6774,1.823932344037527
6787,2.7794521108195984
6789,3.1946228711664504
6793,4.191457790151715
6798,1.6821401138036927
6799,0.17083909305516273
6800,3.9620849844163204
6802,1.6697683267282097
6808,0.9109370220535158
6809,3.9864667639643656
6812,4.098889456635086
6814,2.870734704224941
6816,2.259189415355157
6822,1.238967301000013
6829,3.794097216862695
6834,2.4663935756186395
6836,4.307234638263601
6839,3.0805238879937744
6840,1.5758998081110829
6843,2.049521473018008
6846,2.1524606852594075
6848,1.7185114952908975
6852,2.8690911882576215
6856,5.216024696237455
6860,4.689121296558783
6866,4.23026997616432
6870,4.23376869194189
6878,1.5609175002760238
6880,5.097238000420253
6885,4.634373139240391
6897,4.24166586467452
6902,3.794378422393358
6904,4.20536107440666
6907,3.7848737460754065
6909,0.6678022977935879
6914,2.233852658929681
6915,4.931445472130019
6922,1.4856936058750765
6924,2.161609794601217
6933,3.4584653867896
6934,4.499995708192547
6941,3.679658365520552
6957,2.3463369546114765
6960,1.3486190662578896
6969,0.6507194628329358
6975,2.7826082795758653
6980,1.3558276074893578
6983,1.679762566033736
6987,2.417451011322537
6994,2.9214100126991016
6997,4.488294963541023
7002,3.056145943687855
7010,2.3157838155432655
7015,3.000784350185927
7019,3.031565481326139
7022,4.492478589639086
7025,2.479136806399733
7029,3.1537775157964982
7031,2.56842656848369
7037,2.442772439380605
7038,3.6278044681505865
7043,1.6699862899359417
7049,3.3020623551602193
7052,2.9984470094994893
7053,4.093041157456878
7056,2.915297468119914
7057,4.005872435814958
7080,1.992846309592176
7086,1.3266413070065592
7087,3.5025209494119096
7105,3.8800322329410952
7108,2.3231318487137855
7121,1.455515770304659
7122,2.2095938484978883
7125,2.0488116538490044
7132,3.3846298226907336
7134,3.917421406836973
7151,2.683214446331347
7152,3.314414553581732
7157,2.9850290511757738
7159,1.488807136669588
7166,1.2540573498440235
7167,1.3307698521668305
7177,3.051458364023976
7179,1.4983865130881981
7181,1.2401865773566492
7183,4.773851195042575
7186,3.8967904256740695
7193,5.133202122134039
7205,2.5847059590231276
7207,1.704289158521948
7209,3.8636508660095004
7216,1.8165565307347251
7232,1.5145514109719327
7235,1.5046582191018618
7238,2.4014117059382305
7240,2.6787214456923314
7243,0.93269766104989
7252,2.3013542209366937
7269,2.655715790255062
7275,3.646477223731174
7281,2.418262585003174
7283,1.278309781180778
7287,5.719955468512336
7289,5.539580701315063
7291,3.9883401464314763
7294,1.8754742155736022
7304,5.422166161620583
7308,4.018522284505001
7313,2.879724519270613
7319,1.3678418537355925
7325,1.5057411327878187
7326,2.727431618307285
7330,4.909027398886155
7332,4.070184371120125
7337,1.2716097742598922
7341,0.5135629263680996
7346,3.370666762834201
7353,1.1954042103428313
7354,4.304854550161285
7361,1.9508958391567353
7366,0.6880908571275597
7368,4.985226511264497
7372,4.061918623472559
7375,2.7516308874012707
7377,5.804832772161517
7380,1.4269208380640532
7382,4.398581832221569
7385,2.744772834429828
7392,2.630624788397847
7395,4.264152731075922
7397,3.626035868820492
7403,3.4003573108014455
7406,3.4488129177625373
7409,0.39970554179101214
7410,3.811953988840134
7412,3.9735943946011596
7419,3.127941001183832
7425,2.801238599926587
7435,6.351277025536373
7438,3.9417434140674383
7440,4.370828922030899
7447,2.962484672707232
7449,2.478655922968465
7456,3.7108517485134964
7464,3.7097811728049592
7478,2.506012614379081
7480,3.100211802115569
7481,4.691667813209458
7483,3.3783310157952213
7484,1.3784058506880394
7491,3.966383319475796
7494,2.094332161153673
7501,2.7501006289085814
7503,4.165209959031033
7509,2.302795181092384
7517,0.4862579078128244
7518,5.765019884321506
7519,1.669187735832926
7521,5.280776637012973
7522,2.8946599794545236
7536,3.6743432267070517
7539,1.3056099066348585
7547,5.878155622863694
7549,2.7685255242907973
7552,3.0412663629594716
7554,1.6257425540360764
7556,3.868969168347548
7564,3.8918968873729587
7566,1.3987022551200052
7570,4.506684885696301
7571,3.1992663615870427
7572,3.67663644910818
7575,2.044421681838525
7586,3.8922161793973973
7589,4.557434095655477
7590,2.8751838338287383
7597,3.5434977098887823
7602,4.6475433160312205
7604,4.406361632822991
7605,3.232196425938291
7612,0.9021318724819888
7615,3.8997819678054806
7617,3.0722217515547547
7624,3.6450467765734937
7632,4.128542219532218
7639,4.342450137731703
7642,2.9800466196639794
7643,3.655909738772909
7649,3.612131641009603
7650,1.36659364517414
7653,3.7717601813968478
7654,3.0587565543592494
7657,4.938434915139526
7662,0.8329724244234425
7669,3.6775201870487564
7671,2.6220208279310704
7675,1.4546667475467565
7678,4.015591215837004
7682,4.310656127562964
7688,1.5413081280404979
7689,1.6775891741312199
7690,4.637633470026197
7692,2.7698210113834265
7699,1.573266451027741
7705,2.8488894856600075
7712,3.660097727730136
7726,4.1916964206413185
7728,1.7811412257323262
7735,3.9537316187038343
7737,2.3562795621145427
7739,3.851371327807729
7743,1.8215270979890248
7744,4.700160981320164
7746,2.6791390929038252
7749,0.9472631817960284
7750,4.149208395831094
7752,3.8536158640989027
7755,4.809223937999686
7756,3.955894026008073
7762,3.976355301154939
7764,0.8854731876135833
7769,2.730781339452756
7770,2.621719478098303
7776,4.964025899751805
7778,5.234977200107844
7784,2.503277586289588
7786,2.7485580235293083
7789,2.875671238968059
7793,4.070411086972344
7794,1.2127105247705852
7804,2.8872568126551053
7811,4.3935003725541995
7813,2.444646117743703
7815,2.7302205005047124
7817,0.5299877022552113
7818,3.6923947954265213
7821,5.437013231212696
7825,3.6143014260644812
7830,4.988883921126812
7832,3.88735931784034
7835,1.8840578662149732
7839,5.985173135096575
7842,4.845715385983701
7849,4.197980878986131
7856,2.287568573625899
7857,2.4283818731000775
7863,4.6651682243354635
7866,4.512256137002473
7871,3.02063629831355
7875,2.3504000963200427
7882,2.4328319446492173
7887,1.3566402994629685
7888,3.452252881844071
7891,1.9322903344454203
7895,4.119138673369654
7901,4.241595511022964
7906,2.2646807270501053
7908,1.2063888934170846
7917,2.0790872589928457
7924,2.941542513296331
7948,4.079212747242313
7950,5.300354766004656
7955,2.728984472445103
7957,1.96443589181364
7959,2.551508400760859
7967,5.03896043985206
7969,2.856129163897239
7971,4.658790035745193
7974,2.761338954067085
7976,2.7194802842722567
7986,5.511909739902181
7987,0.8514636697804617
7993,4.365616415631176
7996,3.9249286455793833
7998,2.9363328981908836
8018,3.7065902924576135
8019,2.417549983481605
8027,1.4000633918809446
8036,1.9047381679694684
8040,4.65823102740915
8044,2.8005744884481345
8050,2.7457782509158686
8052,0.55487497148988
8054,0.4395631859004998
8057,3.9648935624857966
8058,4.237663600908235
8059,2.632210852211166
8066,3.0371585669954886
8070,5.736936682379536
8072,6.856113883905556
8078,2.599482487257348
8079,3.078566792753372
8080,4.103287093845258
8081,4.685339265395104
8088,1.1649411886121108
8091,2.3586511649129505
8094,2.8023461416573086
8095,2.560429675874989
8099,4.37328505121216
8101,5.106126630563836
8102,5.28443097628068
8116,4.57087392845953
8125,3.932640999769952
8134,1.499018457556086
8139,0.6725624624942423
8141,4.576280303746624
8147,2.879186476175459
8158,5.283939761484751
8160,2.6042769376689647
8165,2.887857030511093
8187,2.2378263138534007
8205,1.1704727962434183
8209,2.9987444205596074
8211,3.7613222093235166
8232,3.585961207738913
8236,4.250943163877163
8237,4.944007362794679
8238,5.7144498934765044
8245,3.7698532905239577
8256,2.6512258521017937
8268,3.623359858233129
8269,2.5223400003952943
8270,4.4715833525213835
8286,2.9314664965248687
8289,3.915197966142241
8301,3.32764061304423
8305,1.819677033876258
8310,2.892310008071229
8312,0.8320678772473371
8318,5.158656312930354
8321,4.413710166353935
8328,1.3138529638338874
8331,4.841231955427531
8334,2.7157527212521275
8344,3.9888373536420767
8345,2.341430182100998
8352,4.440538949135098
8358,3.633165783372683
8359,2.1074721379584695
8360,2.7979721730340277
8365,2.987945834583843
8366,2.7681064570684955
8369,4.798363584035483
8373,5.2573432309909105
8378,3.617239545843405
8392,2.5990140604661796
8397,2.8090569933964638
8399,2.146447804771256
8400,3.0615041993987386
8405,2.949552869814642
8406,4.512379390279293
8410,1.0876671919806429
8413,4.197836804821165
8414,0.7935205103703371
8416,5.3262295496370555
8426,2.2942515014491898
8434,4.8227868535662655
8439,1.7339345179787868
8440,0.7201517587073757
8475,4.007019796333413
8480,5.266804412293917
8497,2.114971008358915
8499,1.1469769974931383
8500,3.079903637243571
8501,2.675665754012764
8502,2.615421812891212
8518,4.543099876174545
8520,3.86276796299294
8523,4.824399616959098
8525,1.07512451633916
8532,2.7970057723233284
8535,1.7230800961856318
8543,2.2274123640699237
8554,1.2306834909394109
8560,4.516396726033451
8561,4.021584317624568
8563,0.7783182960451372
8566,0.8786913980723083
8570,3.6920767224616258
8572,3.3013770924956503
8582,1.342598301161686
8583,1.5930142449878093
8587,1.918034568411689
8592,2.3222037222799927
8593,1.1038280283966506
8607,0.9985734913727226
8609,4.525635310783531
8610,3.8152731158768898
8614,4.038940522494624
8616,4.922558432275253
8622,4.010865612926678
8623,3.699543063729282
8624,1.27088680671027
8633,5.209231130446656
8641,5.6571529574168355
8644,5.260734248327643
8649,4.631955089139738
8653,2.9588044825119186
8657,5.979613198340769
8658,3.1471964049027616
8663,3.767521140245955
8672,1.804193159358201
8680,0.84715349897904
8684,2.9119592801801413
8687,1.3963543584281186
8688,3.8253216501520826
8690,3.8793201131752455
8712,0.46746537272819005
8717,2.922937753201938
8730,4.862437707765578
8739,3.4452175838199017
8744,4.323275146083539
8747,5.4376938649386375
8748,4.0059608789436565
8751,3.117655800448363
8758,3.733636065981743
8761,0.8973222336758789
8763,1.4025917520758553
8764,3.8033549254271426
8765,5.650222151593075
8773,4.700465609354163
8780,3.2701881716547785
8781,2.9230390612877146
8782,3.7634226000437137
8785,0.28465521101704594
8786,2.3095145456590305
8797,1.3105594939935126
8799,3.9939142653515085
8807,0.7058798116635269
8816,3.7591318705986376
8817,3.130075262469858
8826,4.943988971832072
8833,3.0332936895093865
8834,2.945696915961285
8835,2.697761520436952
8840,4.728699309954594
8843,3.089475098087682
8849,3.0409742088049936
8855,3.0228123956052384
8861,2.2105862760448796
8862,3.608387616158728
8865,2.795039187880316
8868,4.620906767331242
8870,4.394764370449837
8880,4.08749565004084
8885,1.562853417357033
8894,1.7583427891311882
8895,4.128670461854524
8899,4.438163616331235
8912,1.886155164117744
8922,2.4886610618383465
8924,3.0494336418115897
8928,4.100504787736461
8932,1.3338309646202342
8943,5.278728426290042
8945,5.445943429671927
8946,4.888760483488702
8954,1.2162021126387115
8958,3.5960898362611347
8960,1.206301625160076
8965,1.417177198637145
8966,4.518978947670418
8967,2.1718868654222176
8969,3.0085855214224067
8980,4.12725135427816
8984,4.26539396846655
8985,3.017537621282952
8988,2.867168425843737
8989,4.643423717706706
8995,1.8811703768007675
9004,2.970463543747539
9010,1.1048643897121233
9012,1.467792484284697
9018,3.4621646643992223
9036,0.2877605519019056
9037,2.3610860868385815
9040,1.5889769037645791
9041,4.7682455757616875
9044,5.54126167438993
9045,2.9120225112096567
9047,2.765990715763683
9049,0.9793920393420307
9061,1.8945518619874893
9062,2.8133606992664904
9076,3.911678623536873
9079,2.3886698539982403
9081,3.893754121449909
9082,4.398061872849607
9089,0.8616594085724556
9092,3.010432668693234
9094,1.28508374333447
9115,1.0081391517280223
9117,4.454869417483718
9118,3.028388081040727
9120,1.3941729526901805
9124,2.959081589267594
9128,1.3342823584499444
9135,1.365163886746693
9136,3.084854132276647
9138,3.844832975365353
9157,4.033243494758928
9176,1.3987672146022658
9183,1.9152913219408965
9187,2.9485439673211467
9188,1.7676196989639759
9190,4.429818958941884
9197,3.8940518854603705
9200,3.493079194291714
9201,1.5980108356223348
9203,1.5539823263337222
9212,3.6867022381062715
9213,1.3430974402060925
9214,4.619326604713319
9217,2.6994916147328016
9219,3.0049290327313276
9220,4.8048303029285435
9221,5.303249757735681
9237,1.8121321164272965
9240,4.247054111818885
9241,2.277204636184116
9248,2.6732561959374985
9253,6.172836511138168
9259,4.677783393095506
9267,1.5166495131662006
9271,2.8026059079051424
9273,1.4561086273921855
9285,5.582036088393059
9290,3.9213776963307803
9291,3.1752245752564257
9293,1.4636256444016824
9294,3.7400709145460316
9301,2.7548185527025297
9302,4.289200292825792
9312,2.6092595393955293
9316,3.7170198696601426
9319,1.9589589114776993
9328,4.736859171202024
9331,4.2979465883545975
9338,0.04266895839725477
9350,2.858788297513443
9356,3.5771489738577684
9359,2.1791093483227013
9362,3.181175090187404
9364,3.0756956399832784
9370,3.174817689538228
9380,0.9964495786224724
9386,4.327510504088776
9394,1.3772497064425622
9407,3.8917914629299135
9411,2.9390561582537607
9422,3.152809179907028
9423,0.8789455332866589
9429,1.5991735747004654
9433,0.5322606411035448
9439,1.1806333768001642
9451,4.378211477482482
9452,3.1967630783474092
9453,2.0332042012773717
9460,5.395911329267936
9465,4.773463517446635
9470,4.514605056856503
9476,3.7606085221739396
9485,3.731962806229009
9486,1.391383454569137
9488,2.8799829289255983
9507,5.367294218137668
9508,1.0069468990576342
9517,6.133627776434905
9521,4.695421942747765
9528,3.2133550487837668
9532,2.9701721137393773
9536,2.8243310141075932
9540,4.883466223927887
9542,4.432800850168459
9546,3.569362448637818
9548,4.3033104414898355
9549,5.6554325069744324
9554,4.850153303753791
9555,4.623485681772228
9558,1.4144699735671447
9573,1.2630049912660903
9575,4.666009380026945
9584,2.8882393990831234
9586,3.882476303048246
9588,5.182333088235379
9591,1.6654929863954315
9592,4.0640142687832705
9597,5.782458588230993
9600,4.0916536045220715
9603,3.6956364205477286
9605,2.395140040131828
9614,1.5276888814865797
9616,4.820674950158479
9622,3.607920233663903
9624,4.212194752353122
9629,0.8760228652098829
9633,3.9086577466510186
9640,4.5048506742573045
9644,0.7661627296709415
9645,0.9485869330012487
9646,2.8561191694118966
9648,3.0004990712425488
9649,0.8321618544973848
9660,3.665929635089003
9664,3.7798556326076995
9675,1.6609284036809995
9679,3.1919571160995694
9680,3.316133315950997
9682,1.0825206175117652
9697,3.0895682722234374
9701,3.637744709413355
9704,2.782095653313227
9705,1.5709996115739853
9707,4.111548625482216
9714,1.2196895905572567
9718,2.4689713932182644
9722,4.817977236185787
9739,2.858185721711078
9747,5.72649895494606
9751,1.4656680822518509
9757,2.281051525243193
9759,3.7164312870747245
9760,4.1958122631377
9764,2.7325546175714925
9776,1.7279508182954877
9778,2.7076571018028917
9786,0.6838607337924203
9803,3.6485477160509343
9804,4.472943628490297
9815,4.974149212263537
9824,1.570372892801336
9825,0.2847210172617801
9826,3.108831976989635
9827,3.715290264280594
9833,3.5581421839815
9835,1.0323353642087525
9860,3.832958702356752
9865,3.1773690061650135
9871,3.418034296587019
9874,1.183652761208202
9880,2.6844714166791843
9882,1.1540873696740792
9885,2.7829232779368565
9888,4.534584658013094
9892,2.2281890783869285
9893,4.762560812474111
9896,1.6416693942765104
9902,3.402448774404974
9906,4.181840788608477
9910,4.785692029547518
9914,1.8755679911563738
9918,1.805982321332014
9920,1.3459294736565708
9926,4.355675440756392
9931,6.002872891309065
9935,4.025992147106435
9945,4.531929810487543
9953,1.701366296389511
9957,2.808156791926136
9963,4.4124273085247925
9972,4.25297827236535
9976,4.19645711773089
9979,3.043572940821774
9980,1.988226477351709
9982,1.3925582604323057
9991,3.5782158730400697
10000,4.811057375516849
10003,3.6715977792801926
10005,2.5752739557618214
10014,3.727538217225481
10032,2.9825650831785473
10034,2.8036195695178896
10041,2.294954114234551
10042,3.9721531190256214
10044,4.957273178436579
10045,1.6684101824559985
10054,3.595700613754506
10061,5.179119168207287
10062,1.122610824315014
10073,1.117241233491414
10081,0.4437054289126022
10084,1.5078940922759247
10086,0.33994765628061724
10093,1.4052198423010096
10101,4.998945377263434
10105,4.071952196394492
10110,3.6864096131291064
10113,3.2832452088630304
10115,2.8823534004155538
10119,3.6311649606044965
10121,3.3730160663631126
10124,1.227961009693028
10126,5.059535817292829
10127,3.1299111696166517
10145,3.047432990950492
10147,1.2249752216907748
10148,2.4407134957180148
10162,2.1279813226781106
10163,2.526519192630695
10166,2.149512672823672
10172,3.7922397212668466
10173,2.3785626593056897
10175,2.4349216260907336
10180,3.1152984542668083
10186,1.5648820735800648
10192,3.6957783675878586
10199,2.7761006865109623
10209,0.9132202364988649
10210,6.26072834856269
10214,3.185085445719515
10215,0.5546251696510839
10216,1.8558975759077523
10232,2.6812042838265144
10239,5.261885367382787
10249,4.697055264191188
10253,5.113025993363183
10255,1.3886307687347492
10262,2.859507144513292
10264,2.4576625588800822
10266,1.4396097865200692
10268,1.4261142560044855
10271,2.8990373795513382
10272,5.188376946882464
10276,1.3693604274655944
10277,2.151342070898577
10279,2.246528498502274
10281,1.6539164367018202
10285,2.286500211820006
10294,1.4844715751935618
10300,2.7639306825083643
10304,2.93291556092695
10307,3.297095449044957
10309,4.714581165536894
10310,1.3025618281251332
10312,0.675606002332603
10321,2.8373282450998865
10332,0.343268866871076
10336,3.6345405950843697
10368,3.0836037557532334
10369,4.858457199163685
10375,1.5107210502702102
10376,1.3832034194983742
10379,3.498738722574854
10380,3.206102670023615
10383,2.0542381114457298
10385,4.938342778260043
10387,3.4884923877705223
10397,3.145075968438876
10412,3.3178839217998424
10413,2.063517685873983
10418,2.6697335724172384
10420,2.998041415193067
10426,3.6175500139356354
10427,2.6458226187850205
10428,2.6983032486517637
10430,1.8078580093524985
10435,1.831479835873964
10436,1.4360796076669602
10446,5.3716914300489655
10448,3.676034594081935
10449,4.3677079715006375
10463,2.4005665918549166
10469,2.277560367682365
10470,4.160253614918422
10471,3.7735091992081995
10473,5.057196781769654
10476,2.8075749314697562
10482,2.97016166414527
10500,3.0811449871040777
10511,4.94744728444587
10512,4.314526581855615
10514,3.5837197840946127
10515,4.241788058978998
10526,1.6503578584928102
10546,1.6270682656275302
10549,3.5265568334012305
10553,1.2639505709636956
10558,2.1882712863743783
10575,0.5148228183712893
10581,2.3492747904241673
10583,1.7825779466087586
10584,1.3311255106222653
10585,1.2711459286779605
10610,1.5670833015964107
10611,0.8201220819768424
10616,4.4750765761304745
10618,3.0381720020226637
10628,0.18924930059789893
10632,1.8873862360845035
10642,3.7326842112666747
10648,3.4307372850852405
10649,3.6863621157402764
10650,2.9266382504661195
10654,2.213119501059627
10656,4.8426796302934605
10661,4.873393850339867
10663,1.2788548773516497
10672,2.961447767553045
10678,5.0448420085491605
10685,4.136531278794493
10690,5.050227561236605
10702,3.8568938067542886
10706,3.4096878182380386
10708,2.3585777069820724
10716,2.8699449522133476
10717,4.391734526482194
10720,4.979418855208754
10729,0.8344744741117571
10730,5.115043610508074
10745,1.3550666299707121
10753,2.5993478424103356
10754,2.4026236358793827
10762,2.4740960935363168
10766,1.4653061211596012
10776,1.2398879250761923
10783,2.2980258527618838
10789,2.87008575845319
10790,4.56249914297201
10797,0.2680456905324713
10807,3.0681722840705246
10810,1.3215391645072172
10817,2.998674964606001
10820,2.624327272789409
10822,3.035960129725695
10828,4.388360056510656
10829,2.4663980470217415
10830,2.8151414422394163
10831,5.674765993358764
10841,5.793924851818391
10847,2.952075956648541
10856,0.39234579883255655
10860,0.6131330129592684
10861,4.8805457167309445
10863,3.1141095802374372
10875,2.526408587046859
10884,4.381592706335982
10895,1.2446036456908733
10897,3.015318992356577
10898,2.9035482676220696
10903,0.2683113400589924
10908,1.3455698237615679
10924,2.4238425702677966
10926,2.6075739453032316
10927,3.0946502628178636
10928,2.9064614377305364
10933,0.8919266088734704
10939,5.22853062491047
10942,3.709117050008308
10945,2.6007305134595824
10949,3.634535653744348
10950,2.9359039616311016
10958,5.526969050790975
10963,3.665968210666372
10967,2.851408315507742
10971,1.5499981071915772
10972,1.8719571996697877
10974,3.8468144211695434
10976,4.675647358629929
10980,3.009984998768034
10991,1.6406966540862846
10995,4.231554353026248
11014,4.975975611157723
11017,4.740313339694638
11019,4.680595687683367
11022,1.8085552665615494
11030,4.3280120026696824
11031,2.9897071458247226
11041,1.4355232586447804
11042,3.6466276882472455
11044,4.03280137160428
11047,4.616460096667259
11048,2.8750237303469808
11049,2.9589246057351852
11052,3.042947121392928
11058,1.3346954948788639
11069,3.1460172965910345
11070,3.0902606579468697
11073,5.101312266972027
11074,1.789466457452198
11078,1.1060828196232855
11079,0.4179158398297067
11085,0.9296110749088736
11088,3.726066732258424
11106,0.705384928301028
11110,5.509527876708635
11114,3.915504047953189
11118,2.3346315330177587
11129,4.5075759506985476
11130,3.6686871131948044
11131,3.5153574194581108
11133,2.384242286391286
11138,3.9056055242052308
11143,3.843947445665878
11146,4.551374770280551
11153,3.723258651508432
11162,2.509364610581827
11170,6.039456460890794
11171,0.6584602405515563
11201,3.036570460764088
11216,4.523952498659526
11219,2.686152211050342
11222,4.555136524952772
11234,1.5530400923859002
11238,3.731460884741716
11244,2.9155390295125865
11246,1.548000919008523
11248,2.168481449073671
11250,1.1339386281810269
11256,4.367941985684887
11259,2.5265753563908313
11263,0.43591294483291904
11264,2.9461106782060416
11270,1.4561664135841996
11274,1.779634450828459
11281,3.024310838305477
11285,1.2567875420134584
11300,1.7282766917856907
11305,2.713055474357352
11317,3.711641784050245
11319,2.385335506033015
11330,1.498381563442418
11334,4.8153025738215955
11335,5.4686953605599165
11336,2.9338362491443504
11356,4.16438261728302
11358,3.2128940241521358
11360,0.9974622435436166
11364,1.0275082012697119
11373,5.170273286883579
11379,3.3827658226719604
11382,4.191291527283135
11383,2.048889450909502
11385,4.445718626496552
11387,2.743103909803017
11391,3.0080865993725427
11397,2.3902616508748236
11404,1.9989060508751026
11405,0.3886952131630012
11409,4.363144711193234
11419,2.857238694936851
11430,4.099550295065826
11434,5.29452418790046
11436,2.296773020786317
11440,3.228397392491451
11443,2.721142459312422
11449,2.2414038870964785
11452,3.8903541172887217
11453,0.8149867692318062
11456,4.581461655601188
11457,1.462904442110367
11459,4.379576228284561
11471,0.5936750595599003
11476,2.9840176751020473
11479,0.7189475807075718
11481,3.6771803275630695
11485,2.8709705485605426
11486,2.607721233856297
11487,2.61310125564716
11488,1.9445500949228103
11498,1.4114451793737934
11506,2.457832556659844
11511,4.855729036372955
11515,1.685433382141752
11518,0.5256662922331334
11521,2.2903017031608726
11523,2.72585086643651
11524,1.7295477426171855
11525,3.7974550708772554
11528,1.1270590462579464
11530,2.8362282886951564
11531,2.9100247837220103
11533,3.0455378773248096
11535,3.6915965356690315
11537,3.660269683597152
11538,2.2514219615345756
11541,1.2415134557288554
11548,3.9246375978116106
11552,2.6335227126477605
11558,1.627892342636583
11560,1.789558869054845
11566,1.5766274510072436
11572,0.7639073486513718
11573,4.652266186022374
11582,4.101086840810418
11586,2.621400217240992
11590,4.476110022543325
11591,2.33875857098968
11601,3.6855166281327607
11611,3.5621824323537314
11617,1.4848950495930724
11619,4.765692499427098
11624,3.5713797994670142
11626,5.668439625890584
11644,2.020944882657581
11652,0.4656871453272424
11656,1.441532179625925
11658,2.7211261362318986
11659,4.975682393358654
11663,2.8829749124026085
11665,3.7687492171067274
11683,4.387905189620222
11685,1.4343782343052305
11691,2.7814533685272096
11694,3.374900837497008
11698,0.8022128049505042
11700,3.3579029879790405
11703,2.7484724888170033
11705,2.619856928757308
11710,3.257524402281851
11711,2.7068006886178626
11714,0.9877989201791306
11731,4.443589869153818
11732,0.23144733018474573
11742,2.537465848688
11744,3.7617471435259
11745,2.7425854747171603
11749,1.6543391795474438
11756,2.974504622065081
11761,1.0312124107816116
11762,4.182338606782472
11766,4.510007461968482
11767,6.300929069238712
11769,2.8231689851285937
11770,3.9235410930255425
11771,4.271681122552358
11777,3.267270295959842
11778,4.6678097698667065
11779,1.3908045421641366
11788,1.832273099011118
11790,4.199538147590536
11794,3.5918405829207725
11801,4.043491924846641
11807,0.8477186262498212
11812,4.112113343721444
11817,0.7029316859725173
11818,2.422871751677624
11825,1.5506770802961165
11828,4.40458082402459
11833,4.493477896116215
11837,5.128492365077092
11838,0.8090810346210288
11842,1.5980517457140535
11853,4.267477496049809
11857,4.377586624480079
11858,1.1293751129046061
11860,4.868901848346046
11867,3.792085773712989
11868,4.814902028926045
11871,4.506371321240532
11875,3.0367869320140484
11881,5.813909274129363
11890,1.3246643398211702
11892,4.088315833457447
11894,2.4115330156013615
11896,4.627281508619311
11903,4.541324449590576
11905,3.926420015107781
11907,2.9415503036975137
11909,5.983221429443824
11911,2.9875216398676114
11915,1.4431459634008752
11918,3.183970833965769
11920,4.789797891733635
11923,4.35092719741506
11924,3.125706154730002
11926,1.7032988177054575
11931,3.765280954501126
11933,4.296332078255816
11940,4.743400320679934
11951,3.192830241049678
11953,2.3736143436073798
11973,1.60589375062733
11984,1.4534003593289126
11985,1.7129941123163006
11991,2.52486537558958
12002,3.169197964536038
12006,2.9150194202595254
12008,4.431100491476802
12013,1.5018958629711987
12015,3.741664680435673
12016,4.544615147097694
12023,1.542826049750439
12029,1.7767027620354203
12036,1.1222528449783893
12038,3.1689011675692917
12041,1.655530767375902
12049,4.407577611200906
12050,1.2732052025615286
12054,3.045738314296624
12060,2.8575107349749658
12062,5.105756062824354
12065,2.6759409792111226
12079,1.2995463894031016
12083,5.768820521221049
12090,4.579612633407025
12091,4.559054166860354
12094,4.046691062489236
12099,3.760197774041572
12101,3.3297871745496503
12110,2.82484100130914
12116,5.566808473213559
12122,3.5512285332544575
12127,6.154635063977309
12133,3.7848245814578974
12142,1.1873193777572837
12147,4.29462972755431
12156,2.2287336047001873
12157,5.066935352194761
12158,5.360888349236015
12161,4.437730046153625
12163,4.012320857628513
12166,2.689266501607413
12170,0.5863452086563999
12174,4.965740667749466
12183,1.5800372546757546
12188,1.496634324141781
12189,4.107301969435574
12192,3.3645371259382117
12201,2.9466559347234367
12204,0.40994623676604636
12207,0.8689632153157952
12208,1.7272525360802276
12209,3.6808074163190865
12210,6.207631754907803
12217,2.723153346522029
12227,1.6059014851015223
12231,3.7429729461036416
12232,3.7884033422459287
12239,4.848959280881812
12240,2.255575566665363
12251,3.0115487137423873
12256,4.713447175257924
12261,0.6674145303732761
12263,2.117236577974596
12266,0.7930217555246384
12267,2.9632360281566053
12268,3.88907615060988
12279,4.962000377454513
12280,3.83693615892417
12283,2.463511129398253
12284,0.44059672364426605
12285,5.532962547906074
12286,5.00914921869635
12292,4.679490322909824
12295,1.890383337133683
12301,3.4911836941446266
12314,2.2865691440753255
12315,0.36952965189403947
12318,0.2638495666953287
12332,4.94672598827483
12334,0.9809545235268154
12337,3.840110197199966
12338,4.8189338566597755
12349,4.6862141041798
12350,3.281495718787496
12359,5.342966061164149
12360,4.720852607751428
12373,4.690958229335238
12374,1.2629310175329729
12380,4.411767675226915
12382,2.794370692081271
12383,2.6709418647470344
12390,4.438060673357429
12398,4.31873579133352
12405,3.6516602982551576
12407,2.8571395255523107
12410,5.501804053089099
12418,5.974667076654349
12421,4.719541504881309
12422,3.2402650863080975
12439,1.437966671559394
12444,3.9475370903177964
12463,4.963143148050329
12465,1.141086685267639
12470,4.08985490082349
12471,3.673465636781104
12480,4.287349254887733
12482,4.327025487141743
12484,2.8061502426810345
12487,4.132666217300871
12491,3.6822980999811437
12503,5.097592446773735
12507,1.8075791520755777
12526,2.6525318798914226
12533,3.001732724464685
12540,1.1293687174894858
12543,2.392132366356192
12552,1.5654706681175945
12555,5.538690985259046
12556,3.7929494243738926
12570,4.241231475706786
12579,3.661210674436822
12588,2.741946170445261
12600,1.6460559644147688
12615,5.314223229917862
12624,3.4502984465033264
12629,1.4814313958316823
12634,2.432259759133199
12638,1.4067184016943097
12646,2.48290992116908
12650,0.5793024354906036
12665,2.7257241402497514
12674,2.86863130789657
12676,0.9902832108459596
12678,2.839380796127515
12685,2.7927897447223633
12690,2.9463314566106007
12698,3.808227848475588
12702,4.424924661286572
12704,3.1150360688030614
12705,2.809244371993617
12710,3.8204213283541004
12715,4.947143141650686
12720,3.283212917716243
12734,2.7134194077978755
12744,3.8376560870912
12747,1.3097241391684544
12757,5.236350465166833
12758,1.9348440879993514
12766,1.4775958038122
12782,2.877121053130101
12787,0.7148570438308597
12799,2.316309059568188
12804,4.536870320545773
12809,2.7019963706841126
12813,3.117734232566427
12816,3.50292535198426
12821,3.95574202545377
12826,2.24930033732733
12831,3.908689860383735
12832,3.3527888554977787
12833,2.804492076487403
12835,3.77848195358683
12842,1.587005575744034
12844,3.679107039367397
12847,0.7507588381939085
12852,2.9588044925825776
12856,3.955056119996411
12857,2.829752001757211
12858,5.47252956703161
12861,2.9202617654342418
12869,3.6939915428258385
12876,2.9274015263031283
12877,1.879312323836543
12879,3.223721889068771
12882,4.094476685738179
12883,4.454402475196671
12887,2.5261358252790003
12889,3.634393187580484
12891,4.772638032161583
12894,3.259715249341645
12895,1.925877567004585
12899,1.7809054029065123
12905,5.964772826091677
12913,1.5373286007327365
12916,1.498127441682813
12917,2.9946893105438837
12925,4.052693250824608
12934,5.016914778703156
12939,4.6910073096963485
12943,1.7582258477078287
12950,5.0821670189917985
12961,0.6747338833569593
12963,2.954606715853084
12973,1.407151443685054
12979,3.781332246454942
12980,1.1007211685577114
12981,1.3881466375301914
12982,2.6496290518039207
12992,2.3221803451406573
12994,0.2773492123799509
12999,2.461329839416675
13002,3.463455951037812
13004,1.2792401314835553
13010,2.80023311888522
13013,3.5028577576788873
13015,4.408018671430119
13019,4.946390829323949
13030,1.8040634435946774
13031,4.8733961986757075
13036,3.2618205802136484
13037,4.837595086531852
13042,1.7789252115293583
13054,2.6032931828287778
13060,1.816947324757507
13072,3.1143553804313724
13073,3.240664931159966
13079,5.074695951694176
13081,1.586084694490155
13086,2.7092176650197217
13087,3.4711621919975952
13090,1.9868435939295357
13098,2.880695603256366
13100,2.8135515694671405
13105,1.1391466903606917
13106,2.773160194511965
13107,3.5370493050805396
13113,6.473667514495077
13115,4.376360991245962
13117,1.121789647127351
13118,2.900919916625934
13121,1.2179206829058538
13137,1.791389081227545
13146,1.5230156134923718
13150,5.184581114300382
13151,3.9350142471165293
13152,3.241533948656128
13156,3.2450414070315454
13165,5.338335215137628
13169,4.479542699299092
13178,3.622513628017065
13180,3.1272477036732504
13183,3.9659361915008358
13184,0.2438103403562262
13188,2.9460151986428
13191,3.8447675352497273
13196,1.4284290172033565
13203,3.8955925708815617
13206,2.172398705660252
13211,4.261005842685242
13219,1.1852133609748774
13223,5.76496495103364
13226,3.6493134779371363
13228,2.4051603168977906
13230,4.579943348473732
13240,4.247717682180864
13249,5.019156187330917
13250,0.958606075033462
13256,3.613373266163302
13261,1.7283720231691906
13263,2.362757954502962
13268,4.519269298254738
13275,1.2680749562781466
13277,5.158747412754847
13283,3.898180538751396
13284,1.8497205221333504
13285,2.8621688536555863
13286,3.8786936974144055
13287,1.4502993189355136
13290,2.879677780684793
13291,1.2163412670862557
13294,5.158295755950602
13295,2.667737233938524
13303,2.5507881676430846
13306,1.1854935586720239
13311,4.619287446031323
13322,0.8365960975076068
13331,0.33924405243529865
13337,4.589186115798157
13344,2.009306385885664
13362,4.903891377033999
13364,2.3737881673755825
13366,1.7029383969076928
13368,3.221500780804363
13370,2.143798020231349
13377,4.757015376179571
13378,2.1240167597133843
13388,0.41551952307826906
13392,4.4226657866769505
13398,4.726012336396512
13403,4.609820800091289
13404,4.620064309516207
13409,3.6349574044119524
13416,1.494731381649309
13422,0.6187534081047719
13427,3.4787785851371185
13433,5.049394596992445
13438,2.6197982642960627
13441,5.434329440739548
13449,5.149322530944083
13450,2.8768194401572647
13453,2.4619911362359685
13460,3.144203599006968
13461,4.521776510498271
13465,3.6030665304003118
13468,1.5542978247522343
13481,3.510512375430425
13485,2.363080540770629
13487,4.95015324397293
13490,3.931086324915937
13493,3.124303639248497
13497,2.5100877272735778
13508,1.1857141623025513
13516,0.4639792027508326
13525,3.0101218941174803
13533,4.626554070652693
13535,1.376366038229816
13538,3.5423548891737884
13545,3.081203381205683
13566,3.3897096598009613
13581,2.845080494009237
13584,1.3472715398347215
13588,2.5893606897215578
13596,2.9852303793064037
13600,5.878780915174289
13604,3.7960770752020156
13608,2.927082860953201
13611,2.926475930220704
13612,1.7328414643734755
13615,3.799247912685653
13616,4.199946442856018
13618,3.981524919229853
13625,1.6495377536977163
13628,3.3108501723890575
13629,0.45452973100516525
13630,5.381469089038634
13633,3.7227218947905594
13637,3.8815905910125625
13640,1.4157709411133996
13641,2.579843525859221
13651,4.473624553876287
13674,3.6592852209990294
13684,3.8645677301518475
13690,2.1890421532727813
13707,3.604325680303552
13709,4.80812081887966
13710,3.7594810421024385
13713,4.9646584654812616
13724,2.0116684423656728
13725,0.9644031264706031
13731,2.5540442314957654
13736,2.1206419381675095
13740,1.4860465425721743
13745,5.863386506127564
13748,1.8194935117833646
13751,0.637218892019026
13758,1.1371104216666559
13762,1.2869046274086888
13764,4.5719890465105015
13765,1.9109706875560586
13769,2.3104454642580965
13770,2.517065105225844
13774,4.793659568475825
13787,2.6401693543649194
13791,1.1924337768095092
13802,2.0934244264045607
13807,2.692295272730326
13808,2.056587975116684
13809,0.9772352402025136
13810,3.6853338501236554
13822,4.661580109373613
13823,3.0272455084086154
13825,3.6784218488980476
13826,0.9322446800628742
13833,3.649900529573796
13837,3.080267941548211
13842,3.5863987136745785
13846,3.1237860230373466
13852,4.834280523941905
13853,0.551726713771927
13858,0.3746409941870052
13860,1.5640452165137702
13866,2.024644051557159
13886,1.3422659036560913
13887,0.6476132583456528
13890,3.169054917346585
13891,2.768468074454065
13893,2.6453580452897754
13902,6.063958139261762
13903,1.7330024599372962
13908,3.967371717592113
13912,1.980737932708696
13924,1.5089567652366502
13928,2.83800678678421
13929,3.3130889631300655
13938,4.543549318003029
13939,2.4825771983320712
13941,5.060559692062714
13951,1.5722328338049387
13962,0.9859576984027252
13964,2.4791308712477482
13967,2.8372969706749673
13971,3.8481638937453178
13972,4.279112733684082
13975,0.5475596587478853
13977,2.8973077769843014
13979,4.106116210038191
13983,1.3149096212122644
13984,3.078597121798681
13987,1.4812112008814746
13994,4.516864397443739
13999,3.0044507396133504
14003,4.724256081018902
14008,4.273329853945023
14011,4.507154435312312
14012,2.3372825608895442
14016,2.854208410953327
14017,3.0098546533673836
14020,1.1933644450672316
14027,1.5906195061535267
14038,3.8618280267929515
14040,4.7599569650839415
14042,2.432703081755934
14055,1.6090850608654057
14057,4.545066058208272
14060,1.5688249444394202
14081,1.274492083070395
14091,3.9421850457030274
14111,2.966905287728589
14117,5.05875200000377
14121,3.651338933704811
14122,5.202412776270284
14125,2.093074444507361
14129,0.833857769260005
14135,0.48020521484387724
14148,1.1699741694780907
14157,3.7616655034521465
14161,1.3031561940275689
14163,1.418332212249669
14172,3.33123637593795
14180,1.715929271084405
14182,4.6185527916618625
14188,1.6019852321017614
14191,3.0717688256824904
14201,6.145414112841058
14202,3.6278007440699995
14213,3.8763519938877113
14220,1.2884545522986959
14224,2.2217132848381733
14231,2.0479574800667373
14241,4.850593350903535
14243,4.161570213634928
14245,2.4102536487095936
14247,1.9524172664777895
14248,3.2408317597605354
14252,2.9097518652010033
14254,4.439380528499968
14260,3.5477905823614946
14269,4.3526648224280535
14272,1.327396825363326
14274,3.876812663174879
14279,2.6845271300836617
14280,4.993773881617501
14290,3.0645241830626127
14298,6.330582281272504
14308,4.630669907080174
14313,4.144651585848293
14316,3.957979263863471
14319,5.256169988014224
14322,0.6505169286937544
14323,2.9001547493381206
14325,5.935434608653248
14337,4.145226479370286
14339,4.205401213816254
14341,3.101431506307785
14342,5.014051055933465
14346,5.526260302776068
14351,3.7480808315848346
14354,1.1819264644942888
14355,0.8908191724026483
14358,5.780081735398172
14359,0.8298095707877031
14364,3.939788561624679
14374,0.6924924650926665
14376,1.9111845977518769
14382,3.0625905030383396
14384,2.7685401545752217
14393,1.5496926543263025
14398,3.0283212235616457
14403,4.395741163131332
14406,0.6130318734954995
14408,3.650610365018093
14411,1.4250815625266502
14414,3.8893774884576273
14418,2.4353125599314716
14423,3.5617883599830296
14442,4.290333447208567
14443,3.8566365739857704
14444,2.8252075117253277
14446,3.1359584284702766
14455,2.8525467795988
14456,4.764713284215763
14458,3.6949739717370065
14464,4.149695851956534
14466,4.8406753586803895
14467,3.0130586633436045
14469,3.5059241615148484
14483,1.0348882204948413
14484,3.0627198159318447
14490,2.5752984971064783
14491,2.230518448885589
14494,3.0443620263450994
14496,3.710902706306223
14503,1.1411993031219096
14504,2.898050267119563
14505,2.8571949610135583
14506,0.9080531871327068
14507,1.4212465030177408
14512,1.2790936017391314
14520,4.114712842827964
14527,2.3250746238624482
14531,5.1136593497305896
14532,1.5194177004247742
14535,2.2546639760656966
14543,1.2014998245367012
14554,3.516678539061105
14556,5.417773709666748
14557,3.477223369863
14561,2.3536448623935913
14562,3.630861873231935
14567,1.0876022989897451
14568,1.0098122919672927
14574,3.627047636152164
14575,2.8582221538644026
14579,3.015354102354381
14581,3.706443218197951
14582,1.8646363003161137
14586,1.6269024817111322
14591,2.699831995728622
14598,3.2163291066627298
14599,2.627755590058178
14600,0.9249532179794411
14612,4.54826275110549
14613,0.8143913855583138
14624,4.535531400351974
14626,2.9795307028635953
14630,4.278408453629007
14633,2.457145654259906
14639,3.1164012773271987
14642,3.2388162633903486
14643,4.46558896398181
14649,2.258939455834734
14650,1.599816836331242
14653,2.2357569437067615
14655,2.069166922669201
14656,2.5320232553340296
14662,3.8968731984438714
14663,1.8057973364537565
14673,3.0056384481424203
14674,2.3080232801129745
14676,3.712525286450346
14682,1.4192530652369264
14685,4.695147932296282
14689,2.815229862770511
14693,3.167106070611047
14697,2.842780893807661
14700,2.8214153266644466
14704,1.4064725109822762
14710,3.315103419692179
14719,3.3310127266056795
14724,4.497928965628546
14728,4.263671111248547
14735,3.1886863647383348
14736,2.5038596586977326
14741,1.3017957752269915
14744,1.6550368121309997
14753,1.363812083361468
14756,3.9365484568177616
14762,4.984127829356257
14765,4.909558800368315
14783,4.803821575227719
14784,2.7314477898290894
14786,1.319616914479975
14790,0.8551259567054259
14793,2.8988035433794646
14796,5.374617378894623
14801,1.2480397906326177
14807,0.9706351917362064
14812,3.78673002185648
14815,4.866353306931723
14831,4.456581628925226
14833,5.168163838323543
14836,5.148880068300307
14856,4.215540646223613
14859,2.850098158935385
14861,3.0522038937774383
14863,0.7119104331623434
14865,1.6117774342396465
14880,1.1468644977037243
14881,3.586644048811108
14883,0.9958226076936499
14884,4.631218243084743
14894,3.7198398194445517
14896,4.107861759091061
14899,2.8955296684384595
14900,2.8978081438947596
14901,1.805460764202888
14906,3.4740689425638385
14907,0.7678910495899121
14915,4.77221488855159
14919,2.539199434384852
14926,5.346722019427172
14927,2.3053368131907748
14933,2.932148958778182
14937,3.0703477211074914
14939,2.80468075144831
14940,1.760552331214885
14943,1.4439809643376555
14953,3.5513858798181306
14954,2.25436581780856
14969,3.4651131820564465
14999,5.854019888580827
15008,3.9948068204612666
15009,3.717747960724565
15018,4.61955868953951
15023,3.769349324411126
15025,1.863532959276957
15034,4.028855635007453
15036,4.638037803273212
15051,1.4699923863989675
15052,2.705981717142808
15064,3.6873072742107893
15070,3.823582196717339
15074,4.293004526727892
15077,4.668757576610302
15081,3.7924200114013598
15086,5.23260628399334
15093,0.6564214645698191
15094,1.0476416806378077
15103,2.3690680184101596
15104,1.351556853035746
15110,1.8387630096016268
15112,2.3732000686758057
15115,5.030336396538994
15131,1.317026182762642
15139,3.1267327324624796
15141,3.628898108660544
15148,1.1426035672541812
15154,5.4904679522838205
15156,3.3850161114420043
15161,1.5938079350196526
15167,2.9837774745375523
15178,4.1297774024582745
15205,4.176795432631783
15207,1.4369709314119432
15222,3.6444339732960613
15223,4.209193218855074
15225,3.9468667435486577
15228,4.629207224994134
15239,2.258397047376284
15241,1.2710097599227042
15246,1.899385795608592
15247,1.179899688845993
15249,3.218552291798146
15255,3.24870895610395
15257,1.65705360621727
15267,1.751597227486867
15277,2.884729884985516
15280,4.702950037634546
15289,4.4230454141874445
15297,2.2013343013350473
15302,1.1500714322228092
15304,1.2118532674680338
15312,1.0176616800740197
15321,0.6371946941436563
15325,0.8691213688272189
15326,4.3815001446784105
15333,4.800683947569345
15337,1.3384445094790103
15338,3.0374836607150093
15340,4.629461861437953
15342,2.0516863955596927
15344,2.6484242629360013
15347,1.130763759631609
15349,5.040312195617482
15355,2.826548239487693
15359,1.923420461993674
15366,0.6604490208342544
15367,0.7004551976564312
15368,1.165690908384974
15369,4.367588840158299
15380,3.7882159785935707
15381,3.2580482146156453
15387,0.43507762510733267
15388,3.1832903378593844
15389,0.20084175521238412
15392,1.2496468451216929
15400,2.6424501617806717
15405,2.8878875346424815
15407,3.6831364695854663
15408,5.883276655134673
15411,3.1792804486522703
15413,4.14833586236515
15418,4.508316922236299
15419,4.999328579404694
15421,2.939597299741967
15425,2.971867863766888
15436,3.8388819515057673
15438,3.9446483421950655
15440,4.058262872308919
15443,3.994050055234944
15460,2.2517696677431704
15464,1.4021278228178453
15465,2.7553229219388475
15473,1.660557368631984
15475,2.3342900824580197
15483,1.9383139385224866
15494,4.635926517127159
15495,6.242113803812218
15498,3.4068492119526366
15499,2.660858561351209
15500,0.8237365325318539
15501,0.9535406296358881
15510,2.207050981272085
15512,2.515752044489421
15516,2.4658245282066704
15518,5.076914823132163
15519,3.575563448241754
15524,2.8615462374874308
15527,1.3854512138740438
15529,1.468917263575569
15530,1.5927285056780973
15538,0.5809854051277641
15539,3.148446689266294
15541,0.9687119308238865
15546,1.338712708095056
15547,2.9872953028300273
15548,1.692976040500786
15552,1.4782769241173215
15556,4.543360647880301
15567,2.9408128003856
15572,2.5071758298757727
15573,4.776128398296944
15574,3.552953212618321
15577,0.942348604897188
15579,3.645846802432939
15581,2.2284449261060923
15589,1.4074726507413406
15596,1.8182590664203806
15598,4.780529357295147
15599,4.138179292207539
15605,5.985946999363939
15606,4.110912182004751
15608,3.8964489094735324
15616,4.751999310995734
15618,1.4534716071407474
15621,0.6183540944481895
15626,0.8497241678471453
15638,2.980974997966854
15639,1.8562839157522617
15642,1.9164073765776795
15644,2.990815306944757
15646,5.070715062895479
15649,4.409415095047562
15656,1.7218630933675039
15659,0.29338418596140536
15680,1.193333219836151
15686,4.369018871028846
15693,1.4872253130607302
15697,4.745924525824137
15699,5.112687514414293
15701,4.4954502364678595
15705,1.7551950384903987
15714,2.964299072708539
15722,3.980202310276537
15728,3.928243642154531
15734,3.161234281964714
15752,1.8467278500507132
15756,3.6671849589582015
15760,3.8978439623468226
15762,4.524778479664646
15767,3.6233165397526563
15768,0.7274248324244744
15773,4.742539928405623
15774,3.636689927439176
15781,2.9633173349191813
15782,2.6180113059350543
15784,6.406974836491711
15791,2.979892523179823
15796,4.355687357716207
15798,4.655654966855802
15806,1.0173101817139802
15814,0.7338766270089762
15819,2.952703333765368
15825,3.6802191870044365
15826,4.254745170162198
15831,4.067755693687121
15835,5.3643571584661105
15836,1.178576969175736
15839,5.032988333388675
15845,2.8877726077591035
15858,1.7154609044609055
15859,3.641158197594825
15876,4.48420386022097
15878,4.177131048204725
15880,1.4239664305473634
15886,4.3764836664304
15888,2.516619338974301
15891,3.4443728400479894
15900,2.178969788028233
15902,3.9947708639422905
15904,2.9450319902972724
15908,2.461678013744523
15910,0.9964294229239877
15917,3.2319312325156835
15919,4.809949309235296
15924,2.8439092090101545
15927,3.0939457080621175
15937,1.2107989111370554
15946,2.9011821220363165
15949,2.8928738252855446
15957,4.516061394764091
15961,4.404402874422091
15964,2.451661022729914
15965,3.0855832021252803
15966,1.5480532973574046
15978,1.6073076675531326
15983,1.2158791907820734
15987,3.0098816406837168
15988,2.3937641960920586
15998,2.216484925291121
16004,3.104021721453909
16008,3.376505390880155
16011,1.3034424141211793
16023,2.723216972211879
16024,2.457877220465883
16025,2.899975590451815
16048,4.89639477992016
16050,3.2402199683959045
16051,1.5280452695529914
16057,1.2657839089940661
16059,5.003816461009287
16060,3.6235254976238607
16075,4.105084730280065
16094,5.535687366635334
16096,4.897909434672366
16116,1.2052624723777245
16118,1.4296085397737441
16121,2.3184418349223535
16122,3.704260859057456
16124,5.3981474112434
16125,3.5366678791479327
16126,3.0538543103793665
16130,4.092068655873669
