INDEX,P_TARGET_FLAG,P_TARGET_AMT
3,0.22699999999999998,6464.364447015654
9,0.389,6585.300623336842
10,0.168,4594.981436368371
18,0.196,5298.733224131591
21,0.29100000000000004,6176.9910796298145
30,0.138,6788.152543343511
31,0.322,5696.5584826184095
37,0.337,6796.084407634386
39,0.027000000000000003,7125.487499058915
47,0.147,8355.805254453931
60,0.047,6583.7989557342635
62,0.63,6067.643224619954
63,0.7659999999999999,5093.049729608486
64,0.111,4836.972266935108
68,0.040999999999999995,6092.072000739178
75,0.611,5356.89697679641
76,0.693,4178.715537717531
83,0.149,6241.825709546219
87,0.37200000000000005,5133.562976304051
92,0.34700000000000003,5065.342189411571
98,0.145,6151.811469709301
106,0.33299999999999996,5031.975224896349
107,0.091,6496.155695225572
113,0.32299999999999995,5985.050695835911
120,0.369,5038.174421933747
123,0.366,6083.9290753661035
125,0.433,4517.454449049521
126,0.425,6762.118431437893
128,0.151,5912.927642531536
129,0.151,6458.734642178438
131,0.203,5078.153024738376
135,0.428,6447.680964758042
141,0.086,5125.081658381693
147,0.222,5633.418046931666
148,0.107,5821.028913321122
151,0.044000000000000004,7129.71334827955
156,0.174,6628.572799959708
157,0.086,6264.663959619594
174,0.06,4729.568140260924
186,0.591,5516.2508493574705
193,0.335,4486.826475892897
195,0.563,6137.439727817737
212,0.019,5611.728262171043
213,0.37200000000000005,6463.1567427407235
217,0.005,6560.9310861797985
223,0.21,4690.369990738674
226,0.09,5660.541385187857
228,0.348,6770.305786032603
230,0.013999999999999999,7173.1669665035215
241,0.636,4921.464094833193
243,0.139,3967.652599832884
249,0.262,7094.46189439083
281,0.787,5605.823028461292
288,0.11199999999999999,5456.2026073191555
294,0.337,4800.085857778906
295,0.23199999999999998,5844.6920458985105
300,0.39,6099.920962784605
302,0.38799999999999996,5112.270823054888
303,0.10400000000000001,5008.73934331151
308,0.631,5228.9219111932625
319,0.013000000000000001,4861.003411542871
320,0.083,5759.419764718048
324,0.32899999999999996,5308.511104772149
331,0.23199999999999998,6377.88446156026
343,0.054000000000000006,5677.975701246756
347,0.34299999999999997,4057.5631714859887
348,0.878,4660.110029612423
350,0.645,6632.994900521993
357,0.193,5745.872905330498
358,0.075,7405.4391553918795
360,0.044000000000000004,6450.0075148646365
366,0.207,5548.852170330858
367,0.626,4802.810039396963
368,0.22899999999999998,4664.777939566155
376,0.657,4955.596702890249
380,0.41200000000000003,5641.943794075658
388,0.389,5350.712589499556
396,0.24,5080.494384585512
398,0.139,5881.519216092534
403,0.05,5330.126840830048
410,0.6709999999999999,4981.556766093141
412,0.366,6223.522081761669
420,0.313,6513.604821025018
434,0.042,6351.48233762427
440,0.431,6814.480618576774
450,0.588,6082.014966511518
453,0.299,6136.30607224553
464,0.29100000000000004,6326.361966665936
465,0.059000000000000004,5694.305981214538
466,0.682,5752.395685176634
473,0.106,6244.520271683184
476,0.047,6225.848631868262
478,0.096,6729.650398129408
479,0.182,6401.945225649111
493,0.044000000000000004,6262.720231283918
497,0.22899999999999998,7942.887039755353
503,0.01,5677.607689216385
504,0.17600000000000002,7354.22543356575
505,0.413,5811.413939826558
507,0.21600000000000003,5722.1505337909275
513,0.42,4679.105252236082
519,0.462,6344.5026873044935
521,0.5660000000000001,5696.5584826184095
522,0.72,6046.351071370792
545,0.075,7462.82245477432
549,0.066,6758.658225759093
551,0.155,5396.080316578115
556,0.08199999999999999,5013.7456458145225
557,0.42200000000000004,5824.931179733017
559,0.289,6360.435335760814
560,0.6559999999999999,6314.257535918786
566,0.042,4030.410213748709
569,0.223,5317.330815243789
573,0.385,5092.480337408304
578,0.685,5266.956785662217
579,0.03,5579.067702235474
582,0.018000000000000002,5764.838508473068
596,0.524,5283.595838698194
598,0.653,4554.649631273915
599,0.23600000000000002,5663.250757065365
602,0.205,4653.910832575025
605,0.7490000000000001,5458.08709669265
617,0.6409999999999999,5301.472215490191
619,0.446,5201.003309914151
630,0.195,6025.809751922919
634,0.41100000000000003,5009.858189143172
643,0.364,5206.8196851806315
645,0.125,5178.15025010023
647,0.395,5481.014205209295
649,0.087,5503.484443252299
656,0.151,5082.580254128818
657,0.14400000000000002,6800.212544869026
658,0.141,4635.882633663009
667,0.052000000000000005,5420.862294987167
692,0.17800000000000002,7785.844907560342
693,0.26899999999999996,7002.916367470244
698,0.741,5335.192382295239
699,0.46399999999999997,6922.694818014427
700,0.07200000000000001,5960.268717426859
704,0.08900000000000001,4339.247495072433
707,0.08800000000000001,4969.526384048715
708,0.6679999999999999,5331.290115883346
709,0.11800000000000001,5082.806124951561
713,0.12300000000000001,4488.755394488028
714,0.073,5809.808604040164
716,0.6990000000000001,4188.600811256472
718,0.114,6040.549505844853
722,0.11199999999999999,5041.325854544354
729,0.521,7268.202318583996
731,0.03,5871.845003635789
733,0.6890000000000001,5256.134107892723
746,0.28800000000000003,5694.231932511816
747,0.591,5410.3928195075
748,0.5820000000000001,5104.451480490551
753,0.185,6505.844717422861
757,0.405,4313.115671180821
763,0.071,5825.682013534307
767,0.08900000000000001,4974.223913483535
774,0.504,4860.97379206178
776,0.49,5498.448521268197
788,0.172,6068.070475612505
794,0.254,4349.162388092463
799,0.267,5538.397504591736
803,0.218,4554.649631273915
806,0.6629999999999999,6346.888476373264
807,0.28300000000000003,5472.135255775476
811,0.031,6661.723574564577
816,0.156,7819.5650743653905
818,0.32,6997.099992203762
819,0.099,6350.550062221872
831,0.105,7698.967290593485
835,0.47200000000000003,7190.23327053205
837,0.191,6730.7840537016145
841,0.84,6475.629185518244
846,0.263,4740.037615740592
856,0.423,4682.609887136517
861,0.545,8159.211770446845
862,0.478,4857.866788672808
863,0.7170000000000001,8670.669972126336
865,0.758,4623.297669158946
871,0.58,5376.657842961904
879,0.14400000000000002,8977.789395937123
880,0.08,4939.693673915017
881,0.257,6386.822649956259
885,0.268,6829.27961146089
887,0.304,5923.397118011202
892,0.069,5889.893141116508
898,0.067,4366.228692120992
900,0.191,6370.094738477013
904,0.38299999999999995,6987.793791777392
906,0.6779999999999999,5034.654977292768
910,0.606,5032.358046667265
912,0.28600000000000003,7242.227445640559
913,0.431,4961.7810901871035
919,0.084,6581.059964375664
924,0.377,5139.349732089442
925,0.363,6019.948947434802
930,0.184,6039.371421051013
940,0.172,5285.583996255504
941,0.19899999999999998,8104.9650939344665
946,0.212,7333.517482257314
949,0.36200000000000004,5703.965383930738
951,0.08900000000000001,7288.360816260954
962,0.053,6264.236708627042
966,0.071,4802.427217626044
967,0.016,5833.088914846637
971,0.812,5011.389476226841
981,0.022000000000000002,7828.88608453231
982,0.07400000000000001,5231.248461299857
983,0.122,5774.9251621818175
984,0.051,6370.536799210108
989,0.168,5278.604345935725
990,0.628,5191.343907197953
992,0.516,4878.040096090308
995,0.067,4241.331010425725
996,0.305,7232.140791931809
998,0.423,5079.684311822044
1001,0.07,4584.511960888704
1007,0.126,6699.743639292985
1008,0.064,7527.642274950181
1016,0.053,5292.548836834737
1022,0.05,5739.261267041093
1027,0.484,6510.851019925874
1032,0.392,4708.5995698205
1033,0.24100000000000002,4083.1404129179637
1041,0.191,4749.343816166963
1065,0.728,5879.19266598594
1074,0.555,5254.92640361779
1075,0.415,6481.415941303638
1081,0.136,7081.66586880457
1094,0.044000000000000004,5742.412699651699
1099,0.057999999999999996,5702.021655595064
1105,0.45799999999999996,5878.029390932644
1123,0.073,7143.731887881286
1135,0.004,6821.445459156008
1142,0.23600000000000002,5412.719369614092
1155,0.095,5584.913696983044
1169,0.023,5632.578354687107
1176,0.048,5599.300248615154
1178,0.493,6403.093690961861
1180,0.031,5668.639881339294
1184,0.156,6923.09244952589
1185,0.563,5536.026525263508
1193,0.24600000000000002,6106.488171852376
1196,0.142,5633.005605679659
1199,0.33299999999999996,5437.148145733316
1203,0.307,4539.203472772324
1205,0.325,4977.301297391417
1207,0.037000000000000005,5224.268810980078
1208,0.522,4740.405627770963
1212,0.499,4729.906532810206
1213,0.5670000000000001,5186.293175473305
1222,0.061,7921.5652670251
1223,0.235,5413.912264148477
1226,0.33799999999999997,4146.354897307429
1227,0.245,5290.575489017971
1229,0.094,5135.506704639726
1230,0.271,5734.240154797533
1231,0.376,5247.1811097561795
1241,0.061,5823.7827144202665
1243,0.034,5403.413169187721
1244,0.23600000000000002,6865.67953066236
1246,0.19899999999999998,4337.117196307491
1248,0.161,6397.262505954835
1249,0.184,5866.853510873321
1252,0.091,5336.797718081634
1261,0.096,5923.485976454472
1275,0.12,6752.856660233156
1281,0.873,6585.300623336842
1285,0.38,4974.164674521357
1288,0.54,5512.805453419215
1290,0.06,6869.979428585719
1291,0.252,6536.443071098395
1304,0.677,5789.311713813926
1305,0.115,5959.51788362557
1323,0.155,6978.929652084116
1342,0.594,5971.931087440913
1348,0.179,7816.045629724414
1353,0.295,6864.486636127974
1363,0.17,5377.85073749629
1371,0.325,5106.484067269495
1372,0.192,6879.668450783007
1378,0.239,4983.485684688272
1381,0.371,5660.526575447309
1382,0.433,4822.968537073916
1393,0.49200000000000005,5009.858189143172
1394,0.018000000000000002,6883.158275942896
1398,0.201,5702.374857884892
1404,0.48200000000000004,4173.139843014336
1405,0.792,5162.61523315537
1419,0.179,5532.213117294881
1421,0.13699999999999998,5233.5750114064485
1426,0.079,4694.625459440398
1431,0.45299999999999996,4876.68056969536
1435,0.032,7735.058436726763
1437,0.396,5473.209672385504
1438,0.156,6031.243305418483
1442,0.449,6395.686789649532
1464,0.136,5480.248561667461
1471,0.528,4101.384801740333
1473,0.188,7034.324793909245
1476,0.026000000000000002,4758.6055873717
1478,0.275,5027.67532697299
1479,0.47700000000000004,6399.648295023609
1487,0.369,4797.759307672313
1492,0.294,5046.287727825732
1496,0.115,6025.765322701284
1497,0.41600000000000004,4794.269482512424
1515,0.025,6435.238141461609
1519,0.171,6264.678769360139
1522,0.619,5638.3947299535885
1526,0.308,4940.459317456851
1537,0.04,5881.750215743431
1538,0.9009999999999999,5095.557721316186
1540,0.237,7454.2670881492395
1543,0.156,5850.567660127172
1548,0.214,5816.435052070115
1549,0.136,6208.811947320822
1556,0.5760000000000001,5200.650107624323
1564,0.022000000000000002,5554.300533566968
1570,0.22899999999999998,5212.3420971194655
1577,0.589,5359.208717162458
1585,0.217,5113.816919879101
1590,0.192,4417.412794466032
1592,0.636,5743.089484750264
1594,0.40700000000000003,5090.9638600651815
1596,0.48,5166.1494875368935
1598,0.19699999999999998,3766.7592179024377
1603,0.43200000000000005,6228.9852547383225
1607,0.271,4294.06120959498
1612,0.046,7356.581603153431
1627,0.049,5258.799050548597
1629,0.821,5744.680010796112
1630,0.132,5497.270436474355
1640,0.41700000000000004,5835.798286724147
1641,0.3,6081.602525259511
1646,0.114,7369.422057961326
1662,0.485,6192.113655322667
1668,0.10300000000000001,7080.5322132323645
1671,0.052000000000000005,4722.941692230973
1672,0.5539999999999999,4360.795138625426
1673,0.6579999999999999,7006.406192630132
1686,0.44,4612.813383938734
1688,0.613,4887.3314867761355
1696,0.022000000000000002,6473.302635411653
1701,0.039,5034.654977292768
1707,0.105,6495.007229912822
1708,0.079,7161.166203940185
1713,0.055,6030.418422914469
1715,0.105,4591.153218659199
1717,0.040999999999999995,5480.189322705282
1721,0.307,6137.852169069743
1724,0.8190000000000001,7118.080597746584
1725,0.706,5762.894780137392
1730,0.11,6109.521126538623
1731,0.652,4192.090636416362
1734,0.303,6531.039137083921
1740,0.166,5996.72787559051
1748,0.031,5931.21646057554
1749,0.069,6135.952869955702
1750,0.701,5459.250371745948
1763,0.17800000000000002,5216.553136599555
1768,0.071,5499.24378429112
1773,0.649,5176.5745337949265
1777,0.21100000000000002,4813.323944098263
1778,0.528,7538.0525114676675
1780,0.19,4710.52848841563
1782,0.23,4933.862488907989
1784,0.047,6772.234704627733
1786,0.215,6411.972640395682
1787,0.141,6397.262505954835
1792,0.198,6669.130475876906
1800,0.616,7471.377821399401
1801,0.203,5625.829704018229
1803,0.151,4453.076689606757
1804,0.5720000000000001,4726.81433916178
1807,0.026000000000000002,7739.343524909574
1818,0.262,6726.8669775491735
1821,0.03,7605.537274299402
1822,0.09300000000000001,6905.201262993349
1828,0.07400000000000001,7341.660407630389
1833,0.345,5195.599375899676
1844,0.26899999999999996,7176.2443504114035
1847,0.29100000000000004,4918.32747196313
1850,0.09699999999999999,5286.762081049345
1854,0.27,5514.3515502434275
1858,0.312,6137.101335268453
1864,0.18100000000000002,4630.645331509098
1867,0.077,5038.586863185754
1876,0.6829999999999999,4895.061970897203
1880,0.28600000000000003,6212.743833213809
1881,0.21600000000000003,5725.640358950818
1891,0.19,4664.8075590472445
1894,0.17600000000000002,7309.270147739197
1895,0.07,5874.539565772755
1901,0.418,5512.025000136836
1905,0.059000000000000004,7391.450235271234
1912,0.34600000000000003,5451.166685335052
1918,0.276,6244.461032721003
1921,0.45899999999999996,5110.267855757033
1923,0.245,7254.4147786331605
1924,0.13,6429.652765846026
1931,0.09699999999999999,5058.009336801964
1941,0.061,5479.04085739253
1950,0.068,6688.11088876002
1951,0.172,5050.6024354896335
1954,0.011000000000000001,4741.951724595177
1961,0.495,6160.381646074926
1966,0.011000000000000001,5262.686507219948
1979,0.09,6256.521034246519
1982,0.052000000000000005,5832.352890785894
1987,0.83,5554.270914085878
1997,0.506,6085.917232923413
2004,0.043,6405.449860549545
2011,0.537,5405.356897523396
2015,0.384,4346.791408764235
2025,0.012,6373.6289928585375
2033,0.276,4156.073538985809
2034,0.006999999999999999,7114.2375702968675
2035,0.158,7797.433228871671
2036,0.38,4458.0978018503165
2053,0.6859999999999999,6475.9527683269835
2059,0.763,5825.682013534307
2060,0.033,7874.621823641238
2073,0.27399999999999997,5493.427409024639
2084,0.461,5095.14528006418
2089,0.10300000000000001,4807.095127579774
2092,0.25,5271.963088165229
2109,0.374,4755.498583982727
2129,0.215,6579.484248070361
2134,0.425,5377.865547236836
2135,0.028999999999999998,6182.866693858476
2148,0.013999999999999999,6261.188944200249
2149,0.028999999999999998,5259.167062578969
2150,0.278,4803.634921900974
2165,0.78,5938.578932666234
2166,0.033,5289.133060377572
2168,0.08900000000000001,7598.572433720168
2170,0.318,5325.871372128326
2171,0.155,5688.459986466969
2172,0.039,7143.731887881286
2176,0.135,5624.435429314033
2182,0.077,4712.074585239844
2189,0.14400000000000002,4501.919432104662
2191,0.054000000000000006,4372.781091448218
2197,0.023,5548.056907307934
2202,0.121,4947.821789547545
2203,0.273,6759.483108263106
2204,0.653,5924.604822286134
2206,0.733,5467.8057383710275
2218,0.052000000000000005,7674.126073222254
2219,0.12300000000000001,5585.708960005971
2221,0.37200000000000005,6250.277407987485
2226,0.11599999999999999,6691.5859041793665
2228,0.40399999999999997,5480.999395468752
2232,0.48,5823.385082908802
2236,0.3,5932.747747659209
2241,0.805,6268.889808840228
2245,0.061,5310.808035397651
2251,0.313,5097.471830170773
2255,0.037000000000000005,5413.131810866098
2256,0.013000000000000001,7708.258681279311
2259,0.013999999999999999,4863.344771390008
2263,0.306,4515.8639230036715
2264,0.057,7147.393473729894
2267,0.105,5219.704569210162
2273,0.74,5741.926209696968
2277,0.616,5646.537655326664
2287,0.18600000000000003,4857.911217894442
2289,0.433,6560.901466698709
2291,0.057999999999999996,5745.858095589952
2296,0.828,4484.853128076133
2299,0.076,8179.218446003783
2306,0.055,5211.4727853938175
2314,0.311,7019.261457178572
2317,0.011000000000000001,6038.2525752193515
2318,0.6509999999999999,7187.509088913996
2321,0.8759999999999999,5012.552751280136
2324,0.044000000000000004,5100.210821529372
2340,0.434,5237.064836566338
2343,0.042,6253.060828567718
2349,0.322,3924.9498154102007
2352,0.247,7416.110011041357
2353,0.33399999999999996,5180.093978435905
2365,0.768,4309.183785287833
2370,0.539,5784.9673866689345
2378,0.33,6263.073433573746
2390,0.446,5162.659662377005
2399,0.237,7070.82838129453
2402,0.693,6039.739433081386
2403,0.5770000000000001,5181.640075260119
2404,0.10099999999999999,6766.771531651078
2414,0.157,4670.2263028022635
2422,0.27,6103.734370753231
2424,0.147,7675.289348275551
2430,0.55,5030.090735522852
2435,0.22699999999999998,5301.8698470016525
2439,0.04,5290.590298758516
2442,0.40700000000000003,4633.413942348786
2445,0.361,5965.506019580772
2449,0.226,6814.9226793098715
2451,0.257,5139.349732089442
2461,0.757,5178.901083901519
2464,0.091,6253.767233147374
2465,0.5760000000000001,6437.6239305303825
2472,0.045,5205.656410127336
2476,0.461,5434.070761825433
2482,0.244,6307.277885599007
2487,0.222,6220.26325625268
2498,0.203,5412.7637988357255
2501,0.1,6466.877567551512
2504,0.48700000000000004,3924.9498154102007
2511,0.311,6766.403519620706
2518,0.038,5102.124930383959
2521,0.152,7162.516049422747
2530,0.136,5618.265851757725
2543,0.546,6759.04104753001
2545,0.365,4173.139843014336
2561,0.342,6832.145934286575
2566,0.502,6841.2211350620455
2572,0.2,6044.7901648060315
2577,0.094,6261.203753940794
2578,0.168,7178.998151510548
2580,0.28600000000000003,5245.635012931964
2581,0.22699999999999998,5056.816442267578
2582,0.095,5705.128658984035
2584,0.047,5333.675904952117
2590,0.023,6440.716124178809
2598,0.008,6717.928789153175
2602,0.21100000000000002,7275.122729941595
2605,0.008,6232.10706786784
2616,0.263,4669.490278741519
2618,0.217,6505.844717422861
2619,0.313,6262.720231283918
2624,0.04,5562.8262807109595
2632,0.20600000000000002,6293.745835952003
2640,0.213,5204.920386066591
2646,0.021,4947.070955746257
2651,0.11599999999999999,5907.155696486689
2660,0.069,5921.910260149169
2661,0.031,7653.643992736561
2668,0.061,5879.19266598594
2670,0.344,4922.274167596661
2680,0.426,4496.4858786090945
2681,0.019,7217.386228269329
2689,0.27899999999999997,4419.312093580073
2694,0.087,6894.805836216404
2695,0.8270000000000001,5851.701315699379
2696,0.435,6579.484248070361
2702,0.040999999999999995,4729.906532810206
2704,0.107,4536.817683703553
2708,0.055999999999999994,6604.340275182138
2709,0.059000000000000004,6201.419855749037
2714,0.42,5368.514917588829
2716,0.147,5505.074969298145
2723,0.10800000000000001,4927.678101611136
2725,0.42100000000000004,6185.134005002888
2738,0.06,6379.400938903384
2750,0.445,6790.434664228467
2756,0.251,5674.4562566057775
2758,0.062,4940.886568449403
2766,0.26899999999999996,4557.712205441252
2767,0.366,5883.845766199126
2771,0.292,4265.96116671476
2775,0.419,5270.446610822106
2776,0.19899999999999998,6471.314477854342
2779,0.9309999999999999,6714.424154252741
2780,0.34600000000000003,5415.045919720685
2781,0.292,5734.014283974792
2782,0.564,5388.2905934948685
2783,0.168,5592.673800585203
2796,0.247,5183.554184114705
2798,0.332,4740.405627770963
2800,0.057999999999999996,5596.561257256554
2803,0.188,5394.887422043728
2806,0.005,7044.058245328169
2813,0.091,5634.551702503874
2818,0.079,6344.561926266671
2821,0.39399999999999996,5261.724612336461
2825,0.298,4652.379545491356
2829,0.045,5738.436384537078
2830,0.557,5682.613991719396
2833,0.096,7036.680963496928
2839,0.83,4671.713160664298
2843,0.11199999999999999,7825.79389088388
2846,0.062,6994.067037517513
2847,0.10300000000000001,7464.810612331631
2848,0.08,6605.105918723971
2856,0.81,4860.163719298312
2863,0.303,5141.676282196036
2867,0.371,5216.170314828638
2869,0.272,5156.460465339605
2873,0.009000000000000001,7026.99194129964
2874,0.349,4606.6141869013345
2875,0.494,4990.450525267506
2880,0.5920000000000001,5127.746601037567
2886,0.436,6362.182812754836
2887,0.34600000000000003,4926.500016817295
2888,0.23800000000000002,5788.457211828822
2889,0.631,4593.037708032694
2890,0.541,5675.266329369247
2892,0.326,6239.807932507819
2901,0.139,6477.11604338028
2902,0.18899999999999997,5775.35241317437
2905,0.27,6859.097511854045
2917,0.175,6269.28744035169
2922,0.551,6468.619915717378
2924,0.053,5100.976465071206
2930,0.19,7020.041910460952
2931,0.075,7544.649340016529
2946,0.128,5433.658320573427
2955,0.354,7130.523421043017
2962,0.013999999999999999,6233.6383549515085
2964,0.026000000000000002,6141.739625741095
2965,0.278,6354.236138723416
2967,0.019,5606.6479109653055
2970,0.11599999999999999,5362.757781284527
2973,0.579,4543.016880740951
2974,0.23800000000000002,6250.35145669021
2976,0.5870000000000001,7033.161518855948
2977,0.397,7846.290781110119
2978,0.16699999999999998,6425.608358226502
2986,0.126,5023.861919004363
2988,0.273,5430.978568177006
2989,0.157,5910.601092424941
2995,0.74,7105.284572160324
3005,0.5720000000000001,5387.9373912050405
3011,0.17800000000000002,5639.587624487976
3013,0.062,5333.263463700111
3019,0.496,5330.554091822601
3021,0.026000000000000002,8284.845476202852
3022,0.392,8091.801056317834
3029,0.165,5011.389476226841
3037,0.24600000000000002,5246.047454183972
3042,0.187,4617.481293892464
3043,0.131,7258.513296386709
3049,0.223,6883.17308568344
3050,0.59,7234.4081030762245
3053,0.198,4962.591162950572
3058,0.215,7990.934519230332
3062,0.255,6056.01047408699
3063,0.282,6559.939571815222
3065,0.039,5045.124452772436
3080,0.124,4366.228692120992
3088,0.213,8421.375908431082
3093,0.376,6792.378392564143
3096,0.376,7584.553894118434
3101,0.32,6745.832580691743
3103,0.45899999999999996,4413.697098483401
3107,0.379,4806.884066497577
3109,0.10099999999999999,7908.3568001868325
3111,0.062,5417.387279567823
3113,0.753,4607.379830443169
3116,0.006,6327.863634268516
3132,0.136,5579.067702235474
3141,0.23399999999999999,5688.489605948058
3153,0.198,6576.038852132106
3154,0.054000000000000006,6224.774215258235
3160,0.214,6622.952676034879
3167,0.069,4987.191699758516
3170,0.35700000000000004,6104.14681200524
3173,0.568,4717.110507223946
3174,0.42100000000000004,4734.206430733564
3177,0.151,6295.291932776217
3179,0.212,5034.654977292768
3184,0.43700000000000006,5043.607975429312
3190,0.264,6799.770484135927
3193,0.054000000000000006,5701.442582482493
3199,0.261,5020.695676653212
3201,0.07200000000000001,9507.123974408612
3202,0.257,6032.391770731236
3203,0.716,3977.680014579455
3206,0.6859999999999999,4613.549407999479
3209,0.047,5468.556572172318
3210,0.38,5558.128751276139
3217,0.24600000000000002,6508.583708781462
3220,0.075,5979.6763813025245
3228,0.38299999999999995,5386.3912943808255
3232,0.022000000000000002,6399.648295023609
3239,0.073,8549.74860554569
3243,0.535,8164.660133682954
3245,0.142,6268.566226031489
3246,0.405,6786.576827038207
3251,0.045,5531.830295523962
3253,0.369,4589.120631880255
3257,0.057,5432.5246650012205
3260,0.013999999999999999,5983.887420782615
3261,0.19899999999999998,5318.523709778175
3263,0.245,6622.525425042327
3278,0.157,8150.136569671375
3281,0.111,6890.078687300495
3283,0.057999999999999996,4799.703036007989
3290,0.02,6617.533932279858
3297,0.289,4518.220092591355
3304,0.062,5153.7659032026395
3305,0.45399999999999996,6389.900033864139
3307,0.05,4890.482919386742
3308,0.28800000000000003,7494.628512724785
3313,0.255,5688.430366985877
3314,0.24600000000000002,6124.643702231477
3317,0.195,6916.863633007401
3348,0.08900000000000001,6945.209485279065
3350,0.215,5412.425406286444
3359,0.032,4282.870519795114
3367,0.062,5294.860577200785
3376,0.125,6261.910158520449
3378,0.36,6407.731981434503
3384,0.772,5438.311420786612
3386,0.146,5691.905382405224
3387,0.13699999999999998,4460.056339926537
3388,0.063,6539.932896258284
3390,0.033,5833.824938907382
3391,0.455,5576.755961869426
3396,0.34,5232.6427360040525
3398,0.027999999999999997,5267.707619463506
3404,0.040999999999999995,6099.5233312731425
3406,0.021,7129.71334827955
3407,0.05,5345.249416522902
3414,0.065,4912.599955139917
3419,0.136,4578.769634324946
3423,0.561,5306.861339764121
3427,0.040999999999999995,5182.39090906141
3432,0.073,6293.392633662176
3434,0.07200000000000001,5504.849098475405
3438,0.071,6071.575110512939
3442,0.215,5121.5622137407145
3443,0.055,6601.586474082992
3448,0.08800000000000001,6350.550062221872
3456,0.065,5310.351164924011
3464,0.147,6714.424154252741
3470,0.6890000000000001,4241.331010425725
3475,0.462,6807.486158516452
3477,0.387,6141.78405496273
3490,0.107,5187.486070007691
3493,0.305,7857.172697841793
3502,0.532,4585.861806371266
3508,0.032,7527.553416506909
3516,0.10800000000000001,6987.808601517934
3517,0.136,5456.983060601533
3525,0.215,4778.02806098791
3532,0.593,4874.933092701337
3535,0.324,4461.204805239287
3536,0.7440000000000001,4718.2737822772415
3540,0.08900000000000001,7717.962513217145
3547,0.375,6134.391963390944
3550,0.44,7156.895925497917
3557,0.639,5769.844810976079
3562,0.11900000000000001,6404.992990075904
3563,0.068,5609.543853272079
3564,0.332,5261.612090609921
3570,0.107,4923.805454680329
3573,0.262,5837.3147640672705
3577,0.539,6040.887898394137
3579,0.616,5303.602514255132
3581,0.133,4135.8706120872175
3587,0.304,5273.1559826996145
3602,0.39,6100.214926112252
3609,0.505,5104.893541223648
3612,0.13699999999999998,4987.785582611629
3621,0.436,4376.668548119568
3642,0.18899999999999997,6553.170982577642
3647,0.764,5625.598704367329
3649,0.44,6345.312760067962
3654,0.38299999999999995,6990.120341883983
3660,0.556,5540.679625476693
3665,0.644,5342.1572228744735
3669,0.465,4214.2372916506265
3673,0.341,8312.838126184693
3675,0.424,6703.218654712328
3678,0.065,4846.219228399299
3680,0.40700000000000003,4883.076018074412
3686,0.465,5733.783284323893
3693,0.311,5750.923637055146
3710,0.619,5149.0831835083645
3713,0.065,5209.146235287225
3718,0.386,6557.028819767903
3725,0.10099999999999999,5673.29298155248
3726,0.369,5218.683435364495
3747,0.115,7072.742490149116
3753,0.023,6120.4030432702975
3754,0.258,5322.411166449526
3760,0.823,6553.892196897839
3763,0.09,5157.697789095627
3765,0.322,6052.992329141287
3769,0.23,5539.516350423397
3771,0.635,6847.037510328529
3784,0.091,5919.539280820941
3787,0.185,5873.0230884296325
3794,0.332,4991.275407771519
3796,0.066,6273.773908704313
3798,0.064,5377.085093954455
3809,0.21600000000000003,6061.8268493534715
3812,0.294,6565.201364622067
3819,0.225,7611.540219995149
3828,0.205,5902.900227784965
3831,0.213,5207.982960233929
3833,0.10099999999999999,5343.747748920323
3837,0.764,4346.791408764235
3839,0.794,5640.721280060182
3843,0.523,5349.151682934798
3846,0.092,6510.851019925874
3854,0.038,5089.7413460497055
3861,0.11,5184.040674069436
3864,0.397,5427.871564788034
3868,0.105,6477.175282342459
3869,0.192,4741.539283343171
3870,0.152,5432.922296512682
3883,0.213,5526.720324837137
3886,0.064,4834.601287606881
3889,0.292,7353.50421924555
3894,0.34700000000000003,6306.114610545712
3907,0.057999999999999996,4348.396744550628
3910,0.105,6585.300623336842
3913,0.027000000000000003,4280.897171978349
3914,0.21600000000000003,7120.878828067363
3921,0.17800000000000002,5081.185979424624
3923,0.018000000000000002,6090.555523396053
3929,0.47200000000000003,7123.8969730130675
3931,0.535,7283.265655314671
3932,0.20800000000000002,4551.542627884944
3937,0.556,4660.5076611238865
3943,0.317,4294.06120959498
3956,0.504,5218.128852904859
3957,0.39899999999999997,4650.8186389265975
3961,0.499,5218.49686493523
3971,0.149,5315.446325870293
4004,0.305,4702.444802004735
4005,0.053,8236.032353186041
4006,0.011000000000000001,7230.918277916334
4011,0.14300000000000002,5799.721950331414
4013,0.214,5985.139554279181
4014,0.151,5385.964043388275
4016,0.5489999999999999,5930.008756300608
4017,0.025,5327.800290723456
4020,0.049,5660.49695596622
4022,0.129,7787.435433606191
4026,0.17,5706.321553518421
4032,0.13,7190.248080272595
4043,0.08900000000000001,8653.677716800532
4045,0.24600000000000002,4228.181782549639
4048,0.139,5630.708675054157
4051,0.044000000000000004,4753.982106639602
4052,0.198,6134.009141620026
4056,0.055999999999999994,5023.022226759806
4059,0.047,6947.948476637666
4069,0.051,5116.894303786984
4074,0.312,5125.037229160059
4076,0.22399999999999998,6767.002531301978
4077,0.713,5855.603582111275
4079,0.7070000000000001,5336.75328886
4081,0.639,7216.958977276778
4088,0.16699999999999998,5757.2797850407205
4105,0.177,5904.81433663955
4125,0.207,4799.732655489079
4134,0.542,5362.698542322348
4139,0.006,7093.298619337535
4146,0.085,7466.709911445671
4149,0.10300000000000001,6092.3030003900785
4151,0.851,5650.837553250022
4155,0.17600000000000002,5611.683832949408
4157,0.095,5898.629949342697
4168,0.5429999999999999,5508.107923984395
4170,0.218,4866.790167328261
4174,0.076,4891.263372669121
4179,0.256,5451.5495071059695
4185,0.134,4102.57769627472
4199,0.701,5467.437726340657
4205,0.11599999999999999,5566.713737382311
4208,0.03,5590.34725047861
4211,0.514,5204.49313507404
4212,0.063,6025.029298640539
4215,0.639,6549.239096684654
4217,0.11699999999999999,6944.983614456324
4219,0.809,4851.66759163541
4226,0.506,4893.898695843906
4227,0.218,4630.645331509098
4229,0.023,6513.177570032468
4231,0.11,6821.445459156008
4233,0.013000000000000001,4726.81433916178
4237,0.24600000000000002,5810.191425811082
4243,0.532,7417.0570961843
4248,0.214,6332.501924741156
4255,0.139,5829.599089686747
4262,0.055999999999999994,6179.317629736406
4266,0.613,5212.636060447115
4268,0.332,5480.189322705282
4270,0.655,6245.6243077743
4273,0.084,5723.32861858477
4276,0.12300000000000001,6584.99185026865
4277,0.142,7184.829336517574
4279,0.215,4480.244457084581
4299,0.166,5725.287156660991
4313,0.045,6136.718513497537
4322,0.032,7433.755388182456
4324,0.07,5333.616665989938
4328,0.408,6415.462465555573
4331,0.276,5610.7071283253745
4335,0.032,5689.578832298629
4337,0.46399999999999997,4828.7552928593095
4338,0.289,7030.143373910247
4343,0.067,5891.988691572201
4347,0.11599999999999999,5535.688132714226
4355,0.768,5758.6245016951225
4357,0.005,8803.66614997304
4359,0.08900000000000001,4641.5124385002255
4362,0.122,6073.0915878560645
4368,0.597,6334.2642114757255
4374,0.07400000000000001,5998.303591895812
4375,0.44,4277.834597811011
4378,0.424,4724.291537713534
4381,0.6629999999999999,6246.449190278314
4387,0.132,7412.448425192749
4400,0.022000000000000002,5050.249233199807
4423,0.19399999999999998,4682.212255625053
4424,0.040999999999999995,4642.278082042061
4428,0.267,4032.781193076937
4433,0.665,6942.072862409004
4436,0.395,4855.55504830676
4437,0.235,5533.74440437855
4439,0.24,5261.493612685563
4449,0.18600000000000003,5461.989363104546
4456,0.064,6821.902329629648
4463,0.085,5430.978568177006
4467,0.099,5277.47069036352
4468,0.106,7436.4943795410545
4469,0.07400000000000001,5449.590969029749
4472,0.266,6778.051079894215
4473,0.031,5801.484237065982
4476,0.759,4671.742780145387
4500,0.04,6518.287540719293
4509,0.259,6470.1363930605
4513,0.86,5248.697587099302
4521,0.021,7282.544440994471
4527,0.473,6386.410208704252
4530,0.318,4688.809084173916
4532,0.451,7358.878533778936
4533,0.09,5911.072772639129
4535,0.268,6268.9194283213155
4536,0.48,6179.317629736406
4542,0.324,5268.517692226976
4551,0.73,5022.6690244699785
4554,0.067,7526.036939163788
4555,0.377,4726.387088169227
4564,0.36700000000000005,5580.732276984047
4572,0.324,6688.11088876002
4573,0.09699999999999999,7017.7153603543575
4577,0.262,6828.867170208883
4579,0.374,5395.270243814646
4583,0.14300000000000002,3991.27130318864
4584,0.647,5859.4169900799025
4596,0.043,5127.7169815564785
4599,0.11900000000000001,5969.192096082314
4607,0.255,6830.398457292553
4609,0.419,5193.272825793082
4610,0.098,4942.815487044533
4616,0.386,7835.895354333174
4617,0.337,7429.897550992194
4633,0.264,6646.954201161551
4638,0.242,7052.937194761988
4641,0.046,5861.06675508793
4653,0.433,5674.4858760868665
4655,0.295,7621.440303274634
4659,0.43,5418.5357448805735
4669,0.099,5148.685551996903
4678,0.076,5126.784706154082
4685,0.72,6042.095602669068
4686,0.107,5006.78080523529
4691,0.314,6347.992512464381
4695,0.152,6135.540428703695
4698,0.18600000000000003,4961.368648935097
4700,0.61,6084.341516618109
4711,0.111,7567.208436502801
4722,0.043,5379.396834320503
4727,0.348,5262.288875708487
4756,0.013999999999999999,5251.819400228819
4762,0.38299999999999995,4254.539477263994
4763,0.34299999999999997,6387.5438642764575
4766,0.07200000000000001,6272.468492443386
4770,0.111,5315.843957381754
4784,0.27699999999999997,6214.628322587303
4791,0.1,5957.132094556798
4795,0.055,5420.906724208801
4799,0.674,6270.053083893524
4802,0.396,5152.558198927709
4805,0.708,4025.374291764607
4814,0.55,5150.982482622408
4816,0.35700000000000004,5691.905382405224
4817,0.054000000000000006,4436.790838860607
4822,0.287,5476.36110499611
4827,0.489,5691.198977825567
4833,0.129,7659.0923559726725
4836,0.011000000000000001,5760.7696102006075
4842,0.225,8838.56440157193
4844,0.091,5469.764276447249
4845,0.40700000000000003,4981.556766093141
4849,0.27699999999999997,4541.485593657282
4850,0.3,7302.320116900509
4860,0.034,5245.620203191419
4863,0.22699999999999998,6284.04200401417
4871,0.157,5024.21512129419
4878,0.337,4845.055953346003
4881,0.638,6560.180252378508
4888,0.48,5974.581220356244
4900,0.233,7225.9712143755005
4906,0.507,6180.480904789702
4909,0.013999999999999999,6631.890864430877
4916,0.083,5066.90309597633
4918,0.384,4565.516738265044
4926,0.35200000000000004,5644.623546472078
4928,0.21100000000000002,5633.771249221493
4941,0.376,5793.9203848054785
4946,0.136,8263.597752175327
4949,0.09300000000000001,5340.272733500979
4956,0.096,5752.042482886806
4966,0.081,6440.333302407892
4969,0.47100000000000003,5014.511289356356
4973,0.133,6282.9083484419625
4978,0.33299999999999996,4540.719950115448
4982,0.319,4597.690808245879
4985,0.062,5397.2732111125015
4991,0.105,6823.846057965325
4998,0.053,5789.851486533018
5000,0.517,7328.63338239323
5004,0.40700000000000003,5371.666350199434
5005,0.5870000000000001,6553.936626119476
5011,0.7120000000000001,4871.796469831275
5016,0.38,4332.096084063934
5018,0.055,7525.457866051217
5034,0.133,4821.422440249703
5038,0.036000000000000004,3872.2196162409455
5042,0.091,4906.694721430166
5046,0.061,5085.839079637809
5051,0.12300000000000001,5829.21626791583
5054,0.165,6747.423106737591
5057,0.369,5225.506134736099
5062,0.057,4539.330804239409
5063,0.048,4765.600047432022
5065,0.085,5433.658320573427
5066,0.147,6422.486545096985
5076,0.183,6396.909303665008
5089,0.314,5247.9467532980125
5092,0.545,4667.291060102011
5093,0.547,4803.958504709713
5094,0.026000000000000002,5942.819591627414
5098,0.748,4906.694721430166
5102,0.08800000000000001,5693.878730221989
5112,0.24,7554.7656132063685
5117,0.38799999999999996,7230.918277916334
5127,0.46399999999999997,4490.286681571697
5130,0.21600000000000003,6332.163532191873
5131,0.40399999999999997,4865.626892274966
5132,0.519,5709.811378678311
5135,0.735,5057.9204783586965
5136,0.017,4377.095799112121
5147,0.43700000000000006,6078.922772863089
5157,0.096,5814.859335764812
5160,0.27,6490.3245102185465
5165,0.013000000000000001,5016.86745894404
5166,0.491,5474.019745148972
5172,0.5720000000000001,5342.922866416309
5173,0.201,5379.014012549586
5179,0.888,4346.791408764235
5184,0.461,6863.323361074677
5187,0.051,5930.421197552616
5191,0.113,6538.828860167167
5193,0.11800000000000001,8053.39816981851
5194,0.126,7793.177760169948
5199,0.196,7234.4081030762245
5212,0.03,5459.339230189215
5213,0.595,4949.735898402133
5224,0.272,5141.676282196036
5226,0.139,5282.874624377994
5239,0.22699999999999998,5315.235264788095
5252,0.722,6547.737429082075
5264,0.141,5020.695676653212
5266,0.017,5995.751170966479
5271,0.015,6012.630904565741
5273,0.028999999999999998,5167.268333368555
5276,0.624,5698.885032725001
5278,0.066,5892.092359756014
5281,0.634,6548.473453142819
5283,0.561,6097.888376005661
5291,0.09699999999999999,5676.459223903632
5294,0.321,5495.724339650141
5296,0.38299999999999995,5123.063881343292
5297,0.871,7106.447847213621
5313,0.025,6824.199260255153
5314,0.40399999999999997,4752.4063903342985
5321,0.21600000000000003,5410.481677950768
5325,0.013999999999999999,4578.342383332394
5326,0.23399999999999999,5821.470974054218
5328,0.022000000000000002,6410.073341281641
5334,0.129,5803.226585231848
5338,0.537,4854.759785283834
5344,0.251,5259.167062578969
5348,0.292,6368.931463423716
5352,0.218,5676.812426193459
5353,0.095,6186.312089796728
5354,0.424,6206.500206954775
5361,0.8759999999999999,4188.600811256472
5364,0.043,6346.461225380713
5365,0.11199999999999999,5619.046305040102
5367,0.41700000000000004,5024.185501813101
5379,0.36,5429.06445932242
5382,0.34700000000000003,8644.709908923443
5386,0.27,4379.775551508541
5395,0.11800000000000001,6125.483394476035
5410,0.35700000000000004,6356.577498570553
5411,0.08199999999999999,4640.535733876194
5416,0.305,4331.330440522099
5424,0.674,4648.4772790794605
5426,0.21100000000000002,7164.842599529339
5428,0.115,6583.401324222801
5430,0.331,4328.635878385135
5433,0.205,5207.246936173185
5437,0.005,8452.843573832264
5440,0.261,5982.002931409117
5442,0.821,5768.681535922785
5445,0.578,6489.91206896654
5449,0.235,4394.927746682483
5452,0.428,4724.472979314641
5460,0.65,4114.210446807683
5461,0.043,4188.600811256472
5465,0.198,7112.264222480103
5467,0.16899999999999998,4214.207672169538
5471,0.25,4542.251237199116
5474,0.529,7635.737996463474
5475,0.043,5262.745746182129
5480,0.062,5140.969877616381
5481,0.20600000000000002,5928.094647446023
5484,0.172,4769.104682332456
5494,0.04,6848.431785032723
5495,0.7809999999999999,5660.526575447309
5497,0.087,5220.0429617594455
5499,0.389,5232.411736353153
5507,0.04,7276.286004994892
5510,0.131,5712.844333364558
5515,0.235,4353.785868824559
5516,0.042,5199.914083563578
5517,0.22899999999999998,5470.589158951263
5524,0.079,5429.462090833882
5530,0.196,5657.0367502874215
5534,0.39399999999999996,5716.5651581753455
5543,0.28800000000000003,7142.50937386581
5545,0.591,5209.146235287225
5558,0.17300000000000001,8921.20135957761
5562,0.14,6854.827233411776
5573,0.703,6338.68631203801
5581,0.139,6450.390336635552
5583,0.488,6599.2599239764
5587,0.633,4654.264034864852
5589,0.815,6330.1901843751075
5591,0.10099999999999999,7412.620185881468
5596,0.163,5514.3515502434275
5606,0.706,5453.433996479464
5608,0.28300000000000003,5556.612273933017
5611,0.079,4547.316778664309
5612,0.265,5992.45759714824
5614,0.26,4772.918090301083
5620,0.044000000000000004,6861.8216934720995
5623,0.10300000000000001,6018.049648320761
5624,0.17800000000000002,6090.967964648062
5626,0.349,4881.544730990742
5633,0.124,5745.0924520481185
5635,0.096,5981.6052998976575
5640,0.47,5596.193245226182
5643,0.11599999999999999,8073.159035984003
5644,0.349,4629.879687967264
5653,0.39299999999999996,6178.198783904745
5663,0.018000000000000002,6014.1325721683215
5664,0.439,4893.530683813534
5667,0.544,6822.608734209304
5671,0.52,5354.555616949273
5673,0.591,6335.196486878122
5676,0.08,7482.259738131075
5678,0.073,7261.6054900351355
5698,0.292,6323.608165566792
5700,0.04,8279.515590891104
5705,0.188,6174.679339263765
5706,0.638,4981.159134581679
5711,0.09,6212.699403992176
5712,0.772,4472.454734001334
5716,0.39899999999999997,4083.1404129179637
5719,0.276,6896.322313559527
5725,0.867,4508.118629142059
5728,0.14400000000000002,5690.433334283734
5734,0.051,5060.276647946378
5735,0.045,4892.765040271699
5743,0.24,6379.400938903384
5754,0.244,6409.646090289089
5755,0.322,6232.8727114096755
5756,0.071,6419.76236347893
5766,0.044000000000000004,6583.843384955899
5770,0.452,5552.3716149718375
5774,0.196,5149.495624760371
5775,0.026000000000000002,5604.306551118168
5776,0.152,7961.882262379013
5778,0.032,6289.828759799561
5786,0.366,5007.531639036579
5787,0.31,6915.670738473015
5791,0.19399999999999998,6209.592400603202
5794,0.22899999999999998,4243.319167983037
5803,0.198,5661.2774092486
5804,0.275,5597.709722569305
5808,0.16899999999999998,5291.738764071269
5810,0.033,4777.600809995358
5813,0.429,4779.5445383310325
5828,0.18100000000000002,5825.682013534307
5839,0.309,7259.691381180551
5842,0.465,5525.78804943474
5843,0.055,5872.213015666162
5844,0.18600000000000003,4821.039618478786
5847,0.552,6766.44794884234
5851,0.023,5297.58475881884
5854,0.04,7864.903181962862
5857,0.026000000000000002,4589.5478828728055
5866,0.365,6142.092828030923
5874,0.311,4452.2518071027425
5886,0.08900000000000001,6448.446608299875
5895,0.10400000000000001,5198.907759458457
5897,0.054000000000000006,5924.2516199963065
5898,0.308,5298.718414391046
5900,0.69,5887.380020580649
5902,0.37799999999999995,6948.242439965314
5908,0.6729999999999999,5698.885032725001
5909,0.027000000000000003,6523.647045512135
5912,0.027999999999999997,5249.537279343861
5913,0.111,6218.515779258656
5917,0.33,5634.9049047937015
5918,0.69,6375.911113743495
5921,0.09,6701.260116636108
5931,0.313,4694.24263766948
5942,0.615,4634.488358958814
5943,0.669,5172.363494314838
5950,0.04,7293.396738245054
5954,0.006,7356.596412893979
5983,0.027000000000000003,6412.429510869324
5995,0.611,5738.436384537078
6002,0.122,7070.813571553986
6005,0.051,5596.516828034921
6009,0.275,6626.0152502022165
6011,0.004,7783.473928232114
6012,0.02,5223.577216140968
6019,0.275,4570.9502917606105
6021,0.27899999999999997,4771.003981446496
6029,0.762,5978.100664997221
6036,0.4,6828.484348437965
6037,0.008,6094.398550845772
6038,0.052000000000000005,5447.323657885337
6043,0.037000000000000005,5568.5982267558065
6045,0.129,5895.950196946275
6047,0.7390000000000001,4482.556197450629
6048,0.040999999999999995,7146.838891270258
6061,0.312,6566.364639675363
6063,0.13699999999999998,5239.62238632383
6064,0.07,6150.235753403997
6068,0.765,5238.459111270534
6069,0.067,5541.534127461798
6070,0.392,7054.100469815285
6071,0.203,7422.8586617102355
6074,0.452,5965.702270922425
6079,0.335,7477.989459688809
6082,0.048,6277.106782916026
6088,0.861,4383.451947097695
6094,0.207,6332.869936771528
6095,0.271,5559.704467581441
6098,0.43200000000000005,6930.867362868593
6102,0.009000000000000001,4783.063982972012
6105,0.429,5614.7908363383785
6113,0.102,5572.91293441971
6116,0.46799999999999997,4220.789690977854
6120,0.511,6495.728444233021
6121,0.273,4102.57769627472
6126,0.191,6661.738384305121
6144,0.10099999999999999,5926.563360362354
6145,0.023,7098.31973158109
6153,0.304,7250.370371013634
6156,0.146,6372.0532765532325
6159,0.289,4838.06149328568
6162,0.08900000000000001,5699.312283717552
6184,0.665,6605.076299242882
6188,0.332,7013.798284201916
6189,0.245,5895.47851673209
6191,0.33,6363.174327119413
6211,0.44799999999999995,6196.413553246025
6216,0.257,5745.445654337946
6218,0.562,5967.6163797770105
6222,0.17800000000000002,5105.845755194747
6235,0.248,4241.331010425725
6245,0.177,6349.155787517679
6248,0.504,6570.178047643989
6253,0.303,5092.8187299575875
6256,0.006999999999999999,7325.143557233341
6257,0.423,6161.86850393696
6259,0.34,5469.351835195242
6266,0.08199999999999999,8491.96767465179
6268,0.282,5054.062641168433
6275,0.23600000000000002,6969.976653947572
6280,0.583,5152.955830439171
6283,0.36200000000000004,5866.102677072033
6288,0.067,5737.273109483782
6289,0.053,5034.654977292768
6301,0.049,5800.089962361786
6308,0.245,6811.8156759209
6314,0.037000000000000005,7494.3049299160475
6315,0.09,5549.279421323411
6316,0.599,6433.142591005915
6317,0.364,5263.86459201379
6318,0.052000000000000005,5499.032723208923
6323,0.654,4988.123975160913
6329,0.843,4613.181395969106
6336,0.15,4786.12655713935
6341,0.851,5634.9049047937015
6348,0.20199999999999999,5409.229544454202
6349,0.034,7653.599563514926
6365,0.053,6215.821217121689
6372,0.23199999999999998,3503.1082220561666
6376,0.024,6157.245023204864
6378,0.08800000000000001,5680.729502345901
6379,0.8340000000000001,5317.561814894688
6382,0.142,6109.153114508251
6383,0.353,5578.30205869364
6389,0.657,4241.331010425725
6390,0.043,6358.491607425138
6392,0.049,7424.021936763534
6394,0.639,6459.897917231733
6402,0.10300000000000001,6933.14948375355
6404,0.445,4922.2297383750265
6405,0.034,7311.641127067425
6406,0.19,4892.765040271699
6409,0.126,7031.277029482452
6410,0.147,4889.304834592899
6411,0.139,6052.5206489271
6421,0.094,5948.989169183723
6428,0.26,4739.625174488584
6429,0.203,4194.431996263499
6432,0.128,5308.054234298507
6436,0.044000000000000004,5350.374196950274
6437,0.322,5104.451480490551
6438,0.131,6045.585427828957
6445,0.11599999999999999,5937.415657612938
6447,0.478,5283.595838698194
6450,0.046,7431.856089068416
6462,0.171,5458.4995379446555
6467,0.71,6856.574710405798
6478,0.045,6219.723483533588
6484,0.171,6691.998345431372
6492,0.39799999999999996,4706.641031744279
6497,0.040999999999999995,5485.299293392109
6504,0.21,5225.918575988106
6505,0.11,5400.365404760928
6513,0.455,5466.230022065725
6525,0.184,4726.829148902324
6526,0.304,6411.266235816027
6528,0.063,4350.325663145759
6540,0.012,5358.0750615902525
6542,0.132,5386.406104121372
6544,0.369,6937.772964485645
6548,0.12300000000000001,6564.81854285115
6552,0.19899999999999998,6810.0437082739445
6558,0.011000000000000001,6655.126746015715
6567,0.06,5437.605016206957
6569,0.632,6561.696729721632
6572,0.08,6412.429510869324
6577,0.09300000000000001,6444.57396136907
6581,0.309,6746.6574631957565
6588,0.557,6366.604913317124
6591,0.5529999999999999,4988.123975160913
6594,0.299,6936.668928394529
6600,0.509,5863.363685713432
6602,0.212,5172.333874833747
6604,0.084,5470.544729729629
6605,0.038,5729.361183761606
6614,0.122,5216.5679463401
6616,0.37799999999999995,6677.199352547257
6621,0.302,4577.149488798008
6640,0.32799999999999996,5878.073820154278
6641,0.36700000000000005,7005.257727317382
6643,0.06,7001.046687837293
6644,0.213,6159.99882430401
6649,0.5,7193.693476210849
6650,0.5720000000000001,6222.358806708372
6655,0.51,4955.199071378787
6661,0.025,5144.233831953527
6672,0.33899999999999997,4927.8646720403995
6677,0.046,5519.034269937702
6688,0.11800000000000001,5081.185979424624
6689,0.067,5442.258116420142
6691,0.054000000000000006,7163.5075637873215
6692,0.41700000000000004,4747.738480380569
6694,0.7020000000000001,4764.804784409098
6702,0.469,5749.730742520759
6714,0.06,5092.8187299575875
6716,0.4,4758.988409142616
6724,0.10400000000000001,6188.623830162777
6725,0.066,6552.007707524344
6730,0.196,6687.728066989102
6735,0.45399999999999996,5637.231454900293
6738,0.36700000000000005,6759.4238693009265
6739,0.187,5280.930896042318
6743,0.21,5130.102770625251
6747,0.105,7298.064648198785
6750,0.777,5805.9063376282675
6751,0.358,4629.879687967264
6753,0.424,4491.052325113532
6754,0.34600000000000003,6931.971398959709
6755,0.11800000000000001,5681.112324116818
6762,0.21899999999999997,4967.612275194129
6764,0.08900000000000001,5300.3681793990745
6772,0.632,5003.246550853766
6774,0.10300000000000001,6099.861723822425
6787,0.16699999999999998,5595.3831724627125
6789,0.024,6822.608734209304
6793,0.135,8904.871079609824
6798,0.01,6299.134960225932
6799,0.022000000000000002,4976.722224278848
6800,0.095,5980.456834584905
6802,0.032,5502.718799710465
6808,0.36700000000000005,4960.249803103435
6809,0.063,6408.188851908146
6812,0.019,6744.301293608075
6814,0.752,5695.395207565112
6816,0.616,4490.286681571697
6822,0.086,6562.266121921814
6829,0.369,6215.379156388593
6834,0.8240000000000001,5424.352120147057
6836,0.036000000000000004,5023.022226759806
6839,0.151,8048.3474380938615
6840,0.424,4188.600811256472
6843,0.047,7558.593830915541
6846,0.618,5854.763889866716
6848,0.019,6009.906722947687
6852,0.063,5291.783193292903
6856,0.209,4612.813383938734
6860,0.09699999999999999,6871.540335150477
6866,0.353,4833.438012553585
6870,0.594,4241.331010425725
6878,0.525,4352.0435206586935
6880,0.147,5849.757587363702
6885,0.016,4563.573009929369
6897,0.068,4795.251315964613
6902,0.715,5106.8076500782345
6904,0.469,4788.070285475025
6907,0.055,6311.975415033829
6909,0.17300000000000001,8185.245882352462
6914,0.584,5046.287727825732
6915,0.45299999999999996,7018.269942813997
6922,0.305,4966.036558888826
6924,0.149,5330.357840480948
6933,0.091,4225.870042183591
6934,0.087,6251.470302521871
6941,0.257,5480.616573697834
6957,0.39,5430.399495064436
6960,0.077,7152.978849345477
6969,0.073,5651.618006532402
6975,0.092,7415.938250352637
6980,0.6940000000000001,5177.767428329313
6983,0.055,6649.354799970868
6987,0.109,6011.806022061727
6994,0.026000000000000002,4781.105444895792
6997,0.009000000000000001,5352.671127575776
7002,0.099,6768.362057696926
7010,0.027999999999999997,6159.772953481267
7015,0.5660000000000001,5174.66042494034
7019,0.406,4188.600811256472
7022,0.20199999999999999,6893.200500430011
7025,0.028999999999999998,6275.869459160006
7029,0.07400000000000001,6765.269864048499
7031,0.20199999999999999,5926.946182133272
7037,0.38299999999999995,5600.00665319481
7038,0.17600000000000002,6153.725578563885
7043,0.16899999999999998,5320.879879365857
7049,0.046,5663.663198317372
7052,0.314,4360.029495083592
7053,0.3,6028.887135830801
7056,0.006,6559.782620867047
7057,0.525,4922.244548115571
7080,0.182,7388.03445881407
7086,0.228,5767.165058579661
7087,0.14,6329.468970054909
7105,0.555,4897.020508973423
7108,0.009000000000000001,5479.482918125626
7121,0.53,4083.1404129179637
7122,0.28600000000000003,7307.694431433895
7125,0.469,6259.583608413856
7132,0.27699999999999997,6602.440976068096
7134,0.155,5087.002354691104
7151,0.265,5248.697587099302
7152,0.66,4928.826566923886
7157,0.17300000000000001,6085.534411152496
7159,0.23399999999999999,6089.745450632586
7166,0.6609999999999999,4408.857427840951
7167,0.09,5523.319358120518
7177,0.037000000000000005,5087.002354691104
7179,0.645,5724.477083897522
7181,0.29,6752.473838462239
7183,0.09699999999999999,6866.857615456202
7186,0.028999999999999998,4366.228692120992
7193,0.017,6781.938536565565
7205,0.032,7233.289257244562
7207,0.031,3819.489417071692
7209,0.42700000000000005,5667.476606285999
7216,0.258,6121.566318323594
7232,0.8540000000000001,5440.6379708932045
7235,0.11699999999999999,7309.270147739197
7238,0.259,5572.088051915694
7240,0.773,5722.1505337909275
7243,0.397,5632.990795939114
7252,0.22,8620.340371766399
7269,0.183,6724.1427959311195
7275,0.025,5448.780896266279
7281,0.122,7072.712870668026
7283,0.057999999999999996,7015.712393056504
7287,0.192,7217.415847750419
7289,0.26899999999999996,7602.4302709104295
7291,0.33799999999999997,7540.349442093171
7294,0.025,5172.716696604665
7304,0.386,4660.110029612423
7308,0.292,4736.105729847605
7313,0.064,5205.656410127336
7319,0.31,4716.757304934119
7325,0.12300000000000001,5242.572438764629
7326,0.109,5571.749659366414
7330,0.325,6009.4794719551355
7332,0.018000000000000002,4518.985736133189
7337,0.278,5067.6687395181625
7341,0.24600000000000002,4201.83889757583
7346,0.484,6011.865261023908
7353,0.523,5754.39865247449
7354,0.598,5320.46743811385
7361,0.435,7103.017261015911
7366,0.47700000000000004,6871.466286447751
7368,0.027000000000000003,4495.126352214147
7372,0.042,5006.044781174545
7375,0.44299999999999995,5434.821595626723
7377,0.353,4953.225723562022
7380,0.12,6337.1846444354305
7382,0.27899999999999997,7468.27081801043
7385,0.612,5704.731027472572
7392,0.6890000000000001,6067.643224619954
7395,0.096,6403.829715022607
7397,0.207,4445.37582496678
7403,0.10400000000000001,5046.3765862690025
7406,0.295,7433.755388182456
7409,0.563,5016.042576440026
7410,0.205,5406.564601798327
7412,0.075,7592.388046423315
7419,0.27899999999999997,6227.011906921558
7425,0.151,3714.0290187331843
7435,0.16,5659.333680912923
7438,0.354,6431.748316301721
7440,0.192,6026.973026976215
7447,0.147,6013.426167588665
7449,0.583,5150.982482622408
7456,0.24,5379.028822290132
7464,0.146,5859.873860553544
7478,0.091,7551.982192626136
7480,0.037000000000000005,7773.814525515915
7481,0.525,5810.5594378414535
7483,0.157,4982.7644703680735
7484,0.261,5489.922774124204
7491,0.593,7217.769050040247
7494,0.292,4979.245025727093
7501,0.348,6315.097228163345
7503,0.765,6210.770485397044
7509,0.213,6280.994239587377
7517,0.109,4725.28305207811
7518,0.188,7269.306354675115
7519,0.32899999999999996,7357.7152587256405
7521,0.45399999999999996,4998.225438610209
7522,0.5379999999999999,5537.189800316804
7536,0.079,8775.747548693926
7539,0.027999999999999997,5697.353745641331
7547,0.43,6669.851690197106
7549,0.067,5342.599283607571
7552,0.45,5132.016879479837
7554,0.195,7312.759972899087
7556,0.07200000000000001,7506.644085028664
7564,0.096,5516.295278579104
7566,0.252,7842.079741630029
7570,0.23800000000000002,6615.958215974554
7571,0.023,4763.273497325428
7572,0.264,5715.401883122049
7575,0.11199999999999999,8014.244449517894
7586,0.081,4577.561930050016
7589,0.052000000000000005,6964.572719933099
7590,0.055,7033.633199070136
7597,0.297,5419.390246865678
7602,0.038,6882.363012919971
7604,0.42200000000000004,6428.258491141833
7605,0.349,4548.848065747978
7612,0.836,4636.844528546496
7615,0.131,5217.746031133942
7617,0.16699999999999998,7195.087750915046
7624,0.091,5211.900036386371
7632,0.131,5529.503745417371
7639,0.401,4156.456360756725
7642,0.275,4266.967490819881
7643,0.126,6786.974458549668
7649,0.354,5596.973698508562
7650,0.303,5908.716603051446
7653,0.29100000000000004,5496.121971161604
7654,0.345,5599.270629134064
7657,0.608,5428.072944957844
7662,0.244,5840.804589227159
7669,0.792,7136.339796309499
7671,0.018000000000000002,4770.238337904661
7675,0.05,5543.237175234184
7678,0.265,6975.8078389546
7682,0.7290000000000001,5042.857141628022
7688,0.377,6231.665007134742
7689,0.188,5937.587418301658
7690,0.147,6106.090540340913
7692,0.44799999999999995,6997.1296116848525
7699,0.303,7035.488068962542
7705,0.509,5520.903949570656
7712,0.326,4557.712205441252
7726,0.525,5180.4916099473685
7728,0.084,6054.906437995873
7735,0.37200000000000005,5882.682491145829
7737,0.624,4828.784912340399
7739,0.066,5385.964043388275
7743,0.722,5662.867935294448
7744,0.212,5514.155298901776
7746,0.265,4915.64771956671
7749,0.359,6527.976562916583
7750,0.273,5174.247983688334
7752,0.05,5869.886465559569
7755,0.115,7027.802014063109
7756,0.78,4907.8579964834635
7762,0.11599999999999999,5608.149578567884
7764,0.541,5009.490177112801
7769,0.111,4857.866788672808
7770,0.414,4213.4716481087935
7776,0.16699999999999998,4637.271779539047
7778,0.308,4704.284862156596
7784,0.456,5701.211582831595
7786,0.276,5624.435429314033
7789,0.17,5328.639982968015
7793,0.20600000000000002,6075.079745413374
7794,0.085,6440.122241325695
7804,0.29600000000000004,4737.087563299794
7811,0.231,4451.928224294005
7813,0.146,6524.457118275604
7815,0.325,5590.700452768438
7817,0.016,5567.081749412683
7818,0.33899999999999997,8166.633481499721
7821,0.146,4933.936537610714
7825,0.04,6310.444127950159
7830,0.522,4414.290981336515
7832,0.132,5167.695584361107
7835,0.015,6155.286485128644
7839,0.102,5640.721280060182
7842,0.052000000000000005,5792.3742879812635
7849,0.40299999999999997,5605.823028461292
7856,0.29600000000000004,7214.632427170184
7857,0.004,6551.212444501421
7863,0.055999999999999994,5445.350310068568
7866,0.18100000000000002,5020.357284103929
7871,0.11599999999999999,6126.970252338069
7875,0.385,5204.49313507404
7882,0.833,6681.852452760443
7887,0.579,4515.4811012327555
7888,0.69,5944.336068970539
7891,0.866,6481.033119532721
7895,0.019,8504.351258986042
7901,0.302,4757.089110028574
7906,0.253,5712.476321334186
7908,0.867,5575.577877075585
7917,0.24100000000000002,4740.405627770963
7924,0.674,5302.237859032025
7948,0.17300000000000001,7003.147367121142
7950,0.696,5170.007324727155
7955,0.175,7016.5668950416075
7957,0.06,5251.451388198448
7959,0.23199999999999998,5767.518260869489
7967,0.068,5842.792746784469
7969,0.038,6900.9902235132595
7971,0.251,6379.400938903384
7974,0.278,6124.874701882375
7976,0.064,5517.8561851438635
7986,0.79,4188.600811256472
7987,0.7,5177.737808848223
7993,0.27899999999999997,6150.235753403997
7996,0.574,6957.180628361312
7998,0.342,4892.0142064704105
8018,0.083,6603.221429350475
8019,0.376,6032.789402242696
8027,0.016,5297.614378299929
8036,0.095,5627.218849894268
8040,0.061,5545.009142881141
8044,0.066,7269.537354326013
8050,0.027000000000000003,7084.37524068208
8052,0.536,6821.504698118188
8054,0.342,4689.57472771575
8057,0.53,4241.331010425725
8058,0.254,4989.518249865108
8059,0.523,6300.3278547603195
8066,0.787,4857.101145130973
8070,0.028999999999999998,8629.219321200218
8072,0.315,4866.024523786427
8078,0.024,5078.108595516741
8079,0.07,4557.712205441252
8080,0.309,3924.9498154102007
8081,0.192,6234.448427714977
8088,0.085,6710.978758314486
8091,0.637,5873.607290370358
8094,0.157,5015.336171860372
8095,0.698,5321.051640054577
8099,0.125,6542.701507097972
8101,0.22,5226.242158796844
8102,0.011000000000000001,7023.855318429579
8116,0.447,4962.944365240399
8125,0.35600000000000004,5697.751377152796
8134,0.316,5569.761501809103
8139,0.033,7475.250468330209
8141,0.075,8729.216546562071
8147,0.078,5247.765311696905
8158,0.27899999999999997,5815.66940852828
8160,0.111,4855.952679818222
8165,0.24600000000000002,5080.4351456233335
8187,0.293,5426.678670253648
8205,0.35700000000000004,5712.844333364558
8209,0.285,6506.978372995069
8211,0.35600000000000004,5009.107355341883
8232,0.003,6182.115860057185
8236,0.078,4009.5156920110103
8237,0.18100000000000002,6173.545683691559
8238,0.73,5546.496000743176
8245,0.337,4641.5124385002255
8256,0.335,4114.976090349518
8268,0.05,6090.187511365682
8269,0.032,5842.380305532462
8270,0.41600000000000004,5655.093021951746
8286,0.149,5030.2328767304825
8289,0.043,5693.863920481444
8301,0.324,5522.067224623951
8305,0.16399999999999998,6308.51520935503
8310,0.264,5677.013806363269
8312,0.033,6819.531350301421
8318,0.823,5090.5069895915385
8321,0.152,4313.498492951737
8328,0.065,5173.9095911390505
8331,0.028999999999999998,5383.299100732399
8334,0.276,5011.389476226841
8344,0.305,6231.694626615833
8345,0.106,6963.365015658166
8352,0.325,5618.619054047551
8358,0.462,5073.867936555562
8359,0.309,4839.224768338977
8360,0.175,5736.1098344304855
8365,0.281,7878.862482602418
8366,0.11699999999999999,6289.092735738817
8369,0.816,4858.249610443725
8373,0.064,6493.401894126429
8378,0.141,9042.549977150804
8392,0.124,7149.9458946592285
8397,0.396,5590.744881990073
8399,0.16399999999999998,6568.263938789403
8400,0.094,5722.960606554399
8405,0.552,6246.787582827596
8406,0.059000000000000004,5429.462090833882
8410,0.147,5213.490562432218
8413,0.067,5969.928120143058
8414,0.263,5347.620395851129
8416,0.7,4525.184933170589
8426,0.052000000000000005,5159.125407995481
8434,0.325,6423.6053909286475
8439,0.188,5020.740105874846
8440,0.298,3766.7592179024377
8475,0.017,7799.759778978264
8480,0.13699999999999998,5153.309032728999
8497,0.172,5245.635012931964
8499,0.629,6394.582753558416
8500,0.322,5265.778700868375
8501,0.083,6002.941882368454
8502,0.46299999999999997,5142.839557249332
8518,0.341,5324.310465563567
8520,0.544,5225.4320860333755
8523,0.259,5875.702840826051
8525,0.17800000000000002,7034.796474123432
8532,0.109,6735.451963655345
8535,0.425,6239.807932507819
8543,0.253,4034.312480160605
8554,0.247,5553.475651062954
8560,0.107,4553.883987732082
8561,0.252,6702.850642681956
8563,0.02,6026.192573693836
8566,0.8740000000000001,4390.259836728753
8570,0.273,6560.886656958163
8572,0.06,4889.476595281621
8582,0.188,4255.334740286918
8583,0.22,5185.925163442933
8587,0.18,4714.754337636264
8592,0.253,6352.645612677567
8593,0.46,5412.719369614092
8607,0.013999999999999999,5470.883122278911
8609,0.256,4732.704763130986
8610,0.037000000000000005,6343.766663243748
8614,0.4,4787.702273444653
8616,0.371,6496.891719286318
8622,0.16899999999999998,5222.173260524384
8623,0.12,6049.030823767212
8624,0.249,5414.6927174308585
8633,0.14,5503.882074763761
8641,0.37200000000000005,5536.866217508066
8644,0.669,4942.785867563443
8649,0.634,5310.763606176017
8653,0.15,4971.912173117488
8657,0.115,6674.151588120464
8658,0.221,4294.06120959498
8663,0.11699999999999999,5109.178629406461
8672,0.625,6199.520556634996
8680,0.5589999999999999,5181.227634008113
8684,0.429,4178.715537717531
8687,0.08900000000000001,4866.024523786427
8688,0.115,3924.9498154102007
8690,0.155,6143.256103084217
8712,0.28800000000000003,4591.447181986849
8717,0.309,5031.622022606521
8730,0.067,5080.494384585512
8739,0.14300000000000002,5750.300134720941
8744,0.028999999999999998,6005.666063986508
8747,0.354,5509.27119903769
8748,0.316,5416.6808749881675
8751,0.7659999999999999,5149.848827050199
8758,0.245,5494.988315589397
8761,0.395,4393.366840117726
8763,0.01,6980.814141457612
8764,0.21899999999999997,6914.1690708704355
8765,0.12,6165.358329096851
8773,0.11699999999999999,4383.294996149521
8780,0.141,5350.727399240101
8781,0.16699999999999998,5087.474034905292
8782,0.402,5649.748326899449
8785,0.129,6439.93567089643
8786,0.292,6182.807454896295
8797,0.764,6122.548151775783
8799,0.095,5793.9500042865675
8807,0.716,5171.5682312919125
8816,0.05,5261.906053937569
8817,0.08,4377.036560149941
8826,0.29100000000000004,7795.916751528547
8833,0.23399999999999999,5776.118056716203
8834,0.061,7338.794084804706
8835,0.11800000000000001,6506.242348934324
8840,0.12,5639.985255999437
8843,0.091,5831.940449533886
8849,0.245,5304.5347896575295
8855,0.14800000000000002,6763.281706491191
8861,0.278,5104.510719452729
8862,0.282,3977.680014579455
8865,0.235,7228.238525519914
8868,0.012,6329.026909321811
8870,0.028999999999999998,6900.224579971425
8880,0.281,5652.354030593146
8885,0.078,5429.8449126048
8894,0.22399999999999998,6552.420148776351
8895,0.155,5388.521593145767
8899,0.035,5344.0861414696055
8912,0.284,5518.808399114962
8922,0.022000000000000002,4757.457122058947
8924,0.09699999999999999,5447.676860175162
8928,0.244,4401.494955750254
8932,0.41700000000000004,5223.105535926782
8943,0.152,5493.4422187651835
8945,0.166,4378.627086195789
8946,0.048,5319.657365350381
8954,0.442,5985.095125057545
8958,0.552,4900.525143873857
8960,0.467,6074.622874939731
8965,0.217,6180.9377752633445
8966,0.10300000000000001,4692.2989093338065
8967,0.063,7854.110123674455
8969,0.32799999999999996,5864.497341285639
8980,0.231,4325.101624003612
8984,0.022000000000000002,4951.694436478353
8985,0.764,4578.680775881678
8988,0.293,7422.8586617102355
8989,0.36,7656.676947422809
8995,0.102,5734.976178858277
9004,0.08900000000000001,6382.935193284909
9010,0.043,5903.327478777517
9012,0.183,5252.418411910091
9018,0.606,4545.741062359006
9036,0.392,4803.163241686789
9037,0.23199999999999998,5114.965385191853
9040,0.1,6551.610076012883
9041,0.377,5778.414987341706
9044,0.314,8676.162764584078
9045,0.11199999999999999,5892.783954595125
9047,0.5760000000000001,5436.014490161109
9049,0.028999999999999998,5586.0473525552525
9061,0.025,6009.4794719551355
9062,0.35700000000000004,5922.690713431548
9076,0.198,5870.358145773755
9079,0.253,4912.742096347548
9081,0.207,6315.877681445722
9082,0.131,7619.452145717325
9089,0.637,5225.4320860333755
9092,0.121,7368.994806968774
9094,0.16399999999999998,7076.644756561012
9115,0.028999999999999998,4564.736284982666
9117,0.355,5046.287727825732
9118,0.19399999999999998,5038.144802452657
9120,0.064,6758.628606278005
9124,0.01,7293.764750275428
9128,0.18100000000000002,5350.329767728637
9135,0.401,6684.974265889959
9136,0.779,5144.0176420431735
9138,0.21600000000000003,5368.176525039546
9157,0.46799999999999997,5832.6616638540845
9176,0.065,5071.600625411149
9183,0.24,5880.798001772333
9187,0.45899999999999996,6086.653256984157
9188,0.35200000000000004,4225.104398641757
9190,0.065,4979.245025727093
9197,0.028999999999999998,5346.412691576198
9200,0.037000000000000005,5163.778508208667
9201,0.207,4886.59546271539
9203,0.032,5469.719847225614
9212,0.48200000000000004,4548.450434236516
9213,0.085,5265.455118059637
9214,0.113,5983.887420782615
9217,0.29,5225.663085684274
9219,0.006999999999999999,6008.345816382928
9220,0.205,5362.757781284527
9221,0.11900000000000001,5350.727399240101
9237,0.015,5633.8156784431285
9240,0.1,5014.172896807076
9241,0.008,5282.889434118539
9248,0.294,6479.442593486872
9253,0.433,5830.335113747491
9259,0.552,7104.121297107027
9267,0.096,7347.717463460158
9271,0.27899999999999997,4949.029493822478
9273,0.23199999999999998,4853.611319971084
9285,0.042,6174.340946714482
9290,0.19899999999999998,6737.68965531867
9291,0.08,6586.125505840857
9293,0.055,8222.838696088318
9294,0.084,5987.4364849046815
9301,0.198,6130.872518749965
9302,0.059000000000000004,6281.377061358295
9312,0.015,4420.9174293664655
9316,0.287,4877.25964280793
9319,0.629,3766.7592179024377
9328,0.092,5870.726157804127
9331,0.79,4557.712205441252
9338,0.025,4924.2178959323355
9350,0.264,6763.355755193914
9356,0.134,5855.9864038821925
9359,0.485,5411.556094560795
9362,0.439,6228.234420937032
9364,0.158,5746.638548872332
9370,0.38299999999999995,6201.832297001044
9380,0.136,4667.291060102011
9386,0.1,7125.060248066364
9394,0.35600000000000004,5379.411644061048
9407,0.396,5012.783750931037
9411,0.45799999999999996,6007.197351070177
9422,0.29,6258.4647625821935
9423,0.22,4940.474127197396
9429,0.261,5014.511289356356
9433,0.187,5026.95411265279
9439,0.028999999999999998,7673.802490413515
9451,0.261,3997.882941478046
9452,0.408,5606.986303514587
9453,0.022000000000000002,4612.813383938734
9460,0.016,4556.578549869046
9465,0.024,5170.787778009534
9470,0.057999999999999996,4845.866026109472
9476,0.387,5290.575489017971
9485,0.665,5231.248461299857
9486,0.052000000000000005,6667.142318319596
9488,0.292,5701.211582831595
9507,0.006999999999999999,5520.977998273379
9508,0.40399999999999997,7522.5619237444425
9517,0.322,5187.044009274594
9521,0.134,7928.912929375251
9528,0.078,5489.937583864749
9532,0.436,4855.569858047305
9536,0.153,7463.632527537789
9540,0.054000000000000006,7390.699401469944
9542,0.153,4677.220762862587
9546,0.315,5772.61342181577
9548,0.11900000000000001,6373.584563636902
9549,0.11699999999999999,5195.216554128758
9554,0.152,6750.132478615103
9555,0.42200000000000004,5095.14528006418
9558,0.040999999999999995,7042.114516992493
9573,0.778,5579.067702235474
9575,0.611,5940.846243810648
9584,0.643,6064.565840712072
9586,0.07,6043.214448500728
9588,0.121,6706.281228879666
9591,0.327,6189.875963659343
9592,0.825,6176.9910796298145
9597,0.40399999999999997,6152.636352213313
9600,0.079,4651.613901949521
9603,0.58,5724.491893638065
9605,0.345,5260.374766853901
9614,0.508,5384.447566045152
9616,0.016,6350.319062570974
9622,0.5379999999999999,5381.340562656179
9624,0.115,5243.338082306462
9629,0.42100000000000004,8191.047447878398
9633,0.07,7592.785677934778
9640,0.17,5536.468585996605
9644,0.462,4741.554093083715
9645,0.39799999999999996,5092.8187299575875
9646,0.155,5730.779949118734
9648,0.9520000000000001,4135.8706120872175
9649,0.057,5495.768768871776
9660,0.145,7118.080597746584
9664,0.446,5958.295369610094
9675,0.064,5209.603105760867
9679,0.7909999999999999,4824.499824157585
9680,0.433,6765.255054307955
9682,0.049,4030.410213748709
9697,0.017,5319.333782541645
9701,0.185,6014.987074153424
9704,0.391,4929.960222496094
9705,0.122,7672.654025100766
9707,0.45399999999999996,5198.750808510282
9714,0.055999999999999994,5493.810230795555
9718,0.171,6075.050125932284
9722,0.14800000000000002,5836.151489013974
9739,0.138,5749.377540230931
9747,0.624,4501.919432104662
9751,0.107,4677.529535930778
9757,0.131,5687.694342925134
9759,0.022000000000000002,5208.012579715019
9760,0.062,5544.169450636583
9764,0.633,5639.602434228521
9776,0.33,5041.31104480381
9778,0.154,5557.7903587268565
9786,0.086,5768.681535922785
9803,0.38799999999999996,6054.847199033694
9804,0.054000000000000006,5151.439353096048
9815,0.131,5205.686029608425
9824,0.013999999999999999,7567.335767969887
9825,0.187,5667.918667019096
9826,0.22899999999999998,7190.203651050961
9827,0.02,5323.20642947245
9833,0.086,5142.486354959504
9835,0.098,5035.141467247498
9860,0.456,6113.0553809201465
9865,0.205,7101.794747000436
9871,0.174,7148.767809865388
9874,0.253,5050.6024354896335
9880,0.25,6579.484248070361
9882,0.33799999999999997,8079.417471983582
9885,0.07,6019.948947434802
9888,0.642,5130.043531663071
9892,0.051,7601.070744515482
9893,0.304,7119.2438727998815
9896,0.308,6975.086624634399
9902,0.16399999999999998,3924.9498154102007
9906,0.057999999999999996,4655.658309569048
9910,0.547,5081.185979424624
9914,0.322,4557.712205441252
9918,0.43700000000000006,4818.516817030541
9920,0.228,5084.906804235412
9926,0.281,5609.386902323904
9931,0.071,5116.084231023515
9935,0.33899999999999997,7362.368358938825
9945,0.892,5114.920955970218
9953,0.266,6912.411912964025
9957,0.011000000000000001,7313.142794670005
9963,0.151,5682.275599170113
9972,0.226,5568.642655977442
9976,0.395,7381.025189013202
9979,0.42,5752.425304657724
9980,0.021,6075.06493567283
9982,0.11699999999999999,6457.797237947882
9991,0.67,5565.108401595918
10000,0.28600000000000003,6716.750704359333
10003,0.205,5813.116987598946
10005,0.912,5212.636060447115
10014,0.031,5845.929369654533
10032,0.513,5613.965953834367
10034,0.305,6935.903284852695
10041,0.011000000000000001,6306.571481019353
10042,0.038,4830.149567563504
10044,0.067,5023.022226759806
10045,0.401,5631.415079633813
10054,0.532,5369.737431604305
10061,0.17600000000000002,7419.030444001064
10062,0.522,5123.5207518169345
10073,0.18100000000000002,4570.19945795932
10081,0.040999999999999995,5541.857710270533
10084,0.377,4836.206623393273
10086,0.115,6951.776694346839
10093,0.337,5127.746601037567
10101,0.732,5245.2521911610465
10105,0.4,7900.964708615049
10110,0.368,5305.344862420998
10113,0.568,7501.961365334391
10115,0.595,4638.420244851799
10119,0.5,5147.723657113416
10121,0.539,4609.127307437192
10124,0.815,4947.026526524623
10126,0.231,6780.775261512271
10127,0.024,8408.609502325911
10145,0.177,5752.395685176634
10147,0.508,4787.702273444653
10148,0.009000000000000001,7010.720900294034
10162,0.452,4492.215600166828
10163,0.036000000000000004,6927.303489005979
10166,0.7929999999999999,4623.282859418401
10172,0.084,4906.356328880884
10173,0.455,5544.169450636583
10175,0.034,5220.7789858201895
10180,0.096,3977.680014579455
10186,0.043,6262.764660505553
10192,0.35700000000000004,5484.842422918468
10199,0.284,6183.970729949592
10209,0.9159999999999999,4712.074585239844
10210,0.14400000000000002,5215.404671286804
10214,0.037000000000000005,6399.6038658019725
10215,0.294,6370.094738477013
10216,0.757,5672.129706499185
10232,0.259,5581.438681563703
10239,0.254,5488.744689330363
10249,0.027999999999999997,7303.272330871609
10253,0.48700000000000004,4135.8706120872175
10255,0.09699999999999999,9402.001968619386
10262,0.045,9350.435044503427
10264,0.05,4691.135634280509
10266,0.215,5332.1594276089945
10268,0.185,7236.02824860316
10271,0.21899999999999997,6108.785102477878
10272,0.182,5086.070079288708
10276,0.41,5869.165251239368
10277,0.035,5507.8139606567465
10279,0.308,4188.600811256472
10281,0.026000000000000002,6253.767233147374
10285,0.005,5731.5604024011145
10294,0.268,7479.152734742103
10300,0.128,5990.867071102392
